-- WORKBASKET TABLE           (ID                                        , KEY        , CREATED          , MODIFIED         , NAME              , DOMAIN               , TYPE      , DESCRIPTION              , OWNER       , CUSTOM_1    , CUSTOM_2    , CUSTOM_3    , CUSTOM_4    , ORG_LEVEL_1 , ORG_LEVEL_2 , ORG_LEVEL_3 , ORG_LEVEL_4 , MARKED_FOR_DELETION  );
INSERT INTO WORKBASKET VALUES ('WBI:000000000000000000000000000000000001', 'USER-1-1' , RELATIVE_DATE(0) , RELATIVE_DATE(0) , 'PPK User 1 KSC 1', 'MONITOR_TEST_DOMAIN', 'PERSONAL', 'Monitor Test Postkorb 1', 'John'      , ''          , ''          , ''          , ''          , 'org1'      , ''          , ''          , ''          , FALSE          );
INSERT INTO WORKBASKET VALUES ('WBI:000000000000000000000000000000000002', 'USER-1-2' , RELATIVE_DATE(0) , RELATIVE_DATE(0) , 'PPK User 1 KSC 2', 'MONITOR_TEST_DOMAIN', 'PERSONAL', 'Monitor Test Postkorb 2', 'John'      , ''          , ''          , ''          , ''          , ''          , ''          , ''          , ''          , FALSE          );
INSERT INTO WORKBASKET VALUES ('WBI:000000000000000000000000000000000003', 'USER-1-3' , RELATIVE_DATE(0) , RELATIVE_DATE(0) , 'PPK User 1 KSC 3', 'MONITOR_TEST_DOMAIN', 'PERSONAL', 'Monitor Test Postkorb 3', 'John'      , ''          , ''          , ''          , ''          , 'org1'      , ''          , ''          , ''          , FALSE          );
INSERT INTO WORKBASKET VALUES ('WBI:000000000000000000000000000000000004', 'USER-1-4' , RELATIVE_DATE(0) , RELATIVE_DATE(0) , 'PPK User 1 KSC 4', 'MONITOR_TEST_DOMAIN', 'PERSONAL', 'Monitor Test Postkorb 4', 'John'      , ''          , ''          , ''          , ''          , ''          , ''          , ''          , ''          , FALSE          );
INSERT INTO WORKBASKET VALUES ('WBI:000000000000000000000000000000000005', 'GPK-1'    , RELATIVE_DATE(0) , RELATIVE_DATE(0) , 'GPK GruppenPk 1' , 'MONITOR_TEST_DOMAIN', 'GROUP'   , 'Monitor Test Postkorb 5', 'John'      , ''          , ''          , ''          , ''          , ''          , ''          , ''          , ''          , FALSE          );
INSERT INTO WORKBASKET VALUES ('WBI:000000000000000000000000000000000006', 'TPK-VIP-1', RELATIVE_DATE(0) , RELATIVE_DATE(0) , 'TPK VIP 1'       , 'MONITOR_TEST_DOMAIN', 'TOPIC'   , 'Monitor Test Postkorb 6', 'John'      , ''          , ''          , ''          , ''          , ''          , ''          , ''          , ''          , FALSE          );

-- CLASSIFICATION TABLE          (ID                                        , KEY     , PARENT_ID                                   , PARENT_KEY, CATEGORY   , TYPE  , DOMAIN    , VALID_IN_DOMAIN, CREATED          , MODIFIED           ,NAME                  , DESCRIPTION         , PRIORITY, SERVICE_LEVEL, APPLICATION_ENTRY_POINT, CUSTOM_1              , CUSTOM_2, CUSTOM_3, CUSTOM_4, CUSTOM_5, CUSTOM_6, CUSTOM_7, CUSTOM_8 );
INSERT INTO CLASSIFICATION VALUES('CLI:000000000000000000000000000000000001', 'L10000', ''                                            , ''      , 'EXTERN'   , 'TASK', 'DOMAIN_A', TRUE           , RELATIVE_DATE(0) , RELATIVE_DATE(0) , 'OLD-Leistungsfall'   , 'OLD-Leistungsfall' , 3       , 'P1D'        , ''                     , 'VNR,RVNR,KOLVNR'     , ''      , ''      , ''      , ''      , ''      , ''      , ''       );
INSERT INTO CLASSIFICATION VALUES('CLI:000000000000000000000000000000000002', 'L20000', 'CLI:000000000000000000000000000000000001'    , 'L10000', 'EXTERN'   , 'TASK', 'DOMAIN_A', TRUE           , RELATIVE_DATE(0) , RELATIVE_DATE(0) , 'Beratungsprotokoll'  , 'Beratungsprotokoll', 1       , 'P1D'        , ''                     , 'VNR,RVNR,KOLVNR, ANR', ''      , ''      , ''      , ''      , ''      , ''      , ''       );
INSERT INTO CLASSIFICATION VALUES('CLI:000000000000000000000000000000000003', 'L30000', 'CLI:000000000000000000000000000000000001'    , 'L10000', 'AUTOMATIC', 'TASK', 'DOMAIN_A', TRUE           , RELATIVE_DATE(0) , RELATIVE_DATE(0) , 'Widerruf'            , 'Widerruf'          , 1       , 'P1D'        , ''                     , 'VNR,RVNR,KOLVNR'     , ''      , ''      , ''      , ''      , ''      , ''      , ''       );
INSERT INTO CLASSIFICATION VALUES('CLI:000000000000000000000000000000000004', 'L40000', 'CLI:000000000000000000000000000000000001'    , 'L10000', 'MANUAL'   , 'TASK', 'DOMAIN_A', TRUE           , RELATIVE_DATE(0) , RELATIVE_DATE(0) , 'Dynamikaenderung'    , 'Dynamikaenderung'  , 1       , 'P1D'        , ''                     , 'VNR,RVNR,KOLVNR'     , ''      , ''      , ''      , ''      , ''      , ''      , ''       );
INSERT INTO CLASSIFICATION VALUES('CLI:000000000000000000000000000000000005', 'L50000', 'CLI:000000000000000000000000000000000001'    , 'L10000', 'EXTERN'   , 'TASK', 'DOMAIN_A', TRUE           , RELATIVE_DATE(0) , RELATIVE_DATE(0) , 'Dynamik-Ablehnung'   , 'Dynamik-Ablehnung' , 5       , 'P5D'        , ''                     , 'VNR,RVNR,KOLVNR'     , ''      , ''      , ''      , ''      , ''      , ''      , ''       );
INSERT INTO CLASSIFICATION VALUES('CLI:000000000000000000000000000000000006', 'L11000', ''                                            , ''      , 'Anhang'   , 'TASK', 'DOMAIN_A', TRUE           , RELATIVE_DATE(0) , RELATIVE_DATE(0) , 'Anhang 1'            , 'Anhang 1'          , 3       , 'P1D'        , ''                     , 'VNR,RVNR,KOLVNR'     , ''      , ''      , ''      , ''      , ''      , ''      , ''       );
INSERT INTO CLASSIFICATION VALUES('CLI:000000000000000000000000000000000007', 'L22000', ''                                            , ''      , 'Anhang'   , 'TASK', 'DOMAIN_A', TRUE           , RELATIVE_DATE(0) , RELATIVE_DATE(0) , 'Anhang 2'            , 'Anhang 2'          , 1       , 'P1D'        , ''                     , 'VNR,RVNR,KOLVNR, ANR', ''      , ''      , ''      , ''      , ''      , ''      , ''       );
INSERT INTO CLASSIFICATION VALUES('CLI:000000000000000000000000000000000008', 'L33000', ''                                            , ''      , 'Anhang'   , 'TASK', 'DOMAIN_A', TRUE           , RELATIVE_DATE(0) , RELATIVE_DATE(0) , 'Anhang 3'            , 'Anhang 3'          , 1       , 'P1D'        , ''                     , 'VNR,RVNR,KOLVNR, ANR', ''      , ''      , ''      , ''      , ''      , ''      , ''       );
INSERT INTO CLASSIFICATION VALUES('CLI:000000000000000000000000000000000009', 'L99000', ''                                            , ''      , 'Anhang'   , 'TASK', 'DOMAIN_A', TRUE           , RELATIVE_DATE(0) , RELATIVE_DATE(0) , 'Anhang 9'            , 'Anhang 9'          , 1       , 'P1D'        , ''                     , 'VNR,RVNR,KOLVNR, ANR', ''      , ''      , ''      , ''      , ''      , ''      , ''       );

-- ATTACHMENT TABLE          (ID                                        , TASK_ID                                   , CREATED          , MODIFIED         , CLASSIFICATION_KEY,CLASSIFICATION_ID                         , REF_COMPANY, REF_SYSTEM, REF_INSTANCE, REF_TYPE, REF_VALUE, CHANNEL, RECEIVED         , CUSTOM_ATTRIBUTES );
INSERT INTO ATTACHMENT VALUES('ATT:000000000000000000000000000000000001', 'TKI:000000000000000000000000000000000001', RELATIVE_DATE(0) , RELATIVE_DATE(0) , 'L11000'          ,'CLI:000000000000000000000000000000000006', ''         , ''        , ''          , ''      , ''       , ''     , RELATIVE_DATE(0) , null              );
INSERT INTO ATTACHMENT VALUES('ATT:000000000000000000000000000000000002', 'TKI:000000000000000000000000000000000013', RELATIVE_DATE(0) , RELATIVE_DATE(0) , 'L11000'          ,'CLI:000000000000000000000000000000000006', ''         , ''        , ''          , ''      , ''       , ''     , RELATIVE_DATE(0) , null              );
INSERT INTO ATTACHMENT VALUES('ATT:000000000000000000000000000000000003', 'TKI:000000000000000000000000000000000014', RELATIVE_DATE(0) , RELATIVE_DATE(0) , 'L22000'          ,'CLI:000000000000000000000000000000000007', ''         , ''        , ''          , ''      , ''       , ''     , RELATIVE_DATE(0) , null              );
INSERT INTO ATTACHMENT VALUES('ATT:000000000000000000000000000000000004', 'TKI:000000000000000000000000000000000024', RELATIVE_DATE(0) , RELATIVE_DATE(0) , 'L22000'          ,'CLI:000000000000000000000000000000000007', ''         , ''        , ''          , ''      , ''       , ''     , RELATIVE_DATE(0) , null              );
INSERT INTO ATTACHMENT VALUES('ATT:000000000000000000000000000000000005', 'TKI:000000000000000000000000000000000025', RELATIVE_DATE(0) , RELATIVE_DATE(0) , 'L33000'          ,'CLI:000000000000000000000000000000000008', ''         , ''        , ''          , ''      , ''       , ''     , RELATIVE_DATE(0) , null              );
INSERT INTO ATTACHMENT VALUES('ATT:000000000000000000000000000000000006', 'TKI:000000000000000000000000000000000033', RELATIVE_DATE(0) , RELATIVE_DATE(0) , 'L11000'          ,'CLI:000000000000000000000000000000000006', ''         , ''        , ''          , ''      , ''       , ''     , RELATIVE_DATE(0) , null              );
INSERT INTO ATTACHMENT VALUES('ATT:000000000000000000000000000000000007', 'TKI:000000000000000000000000000000000034', RELATIVE_DATE(0) , RELATIVE_DATE(0) , 'L22000'          ,'CLI:000000000000000000000000000000000007', ''         , ''        , ''          , ''      , ''       , ''     , RELATIVE_DATE(0) , null              );
INSERT INTO ATTACHMENT VALUES('ATT:000000000000000000000000000000000008', 'TKI:000000000000000000000000000000000035', RELATIVE_DATE(0) , RELATIVE_DATE(0) , 'L22000'          ,'CLI:000000000000000000000000000000000007', ''         , ''        , ''          , ''      , ''       , ''     , RELATIVE_DATE(0) , null              );
INSERT INTO ATTACHMENT VALUES('ATT:000000000000000000000000000000000009', 'TKI:000000000000000000000000000000000036', RELATIVE_DATE(0) , RELATIVE_DATE(0) , 'L33000'          ,'CLI:000000000000000000000000000000000008', ''         , ''        , ''          , ''      , ''       , ''     , RELATIVE_DATE(0) , null              );
INSERT INTO ATTACHMENT VALUES('ATT:000000000000000000000000000000000010', 'TKI:000000000000000000000000000000000044', RELATIVE_DATE(0) , RELATIVE_DATE(0) , 'L33000'          ,'CLI:000000000000000000000000000000000008', ''         , ''        , ''          , ''      , ''       , ''     , RELATIVE_DATE(0) , null              );
INSERT INTO ATTACHMENT VALUES('ATT:000000000000000000000000000000000011', 'TKI:000000000000000000000000000000000045', RELATIVE_DATE(0) , RELATIVE_DATE(0) , 'L99000'          ,'CLI:000000000000000000000000000000000009', ''         , ''        , ''          , ''      , ''       , ''     , RELATIVE_DATE(0) , null              );

-- TASK TABLE          (ID                                        , EXTERNAL_ID                               , CREATED          , CLAIMED          , COMPLETED        , MODIFIED         , RECEIVED, PLANNED          , DUE                  , NAME    ,   CREATOR     , DESCRIPTION          , NOTE              , PRIORITY, MANUAL_PRIORITY, STATE    , CLASSIFICATION_CATEGORY , CLASSIFICATION_KEY,  CLASSIFICATION_ID                        , WORKBASKET_ID                             , WORKBASKET_KEY, DOMAIN    , BUSINESS_PROCESS_ID, PARENT_BUSINESS_PROCESS_ID, OWNER , POR_COMPANY , POR_SYSTEM , POR_INSTANCE , POR_TYPE , POR_VALUE , IS_READ, IS_TRANSFERRED, CALLBACK_INFO, callback_state, CUSTOM_ATTRIBUTES, CUSTOM_1               , CUSTOM_2              , CUSTOM_3, CUSTOM_4, CUSTOM_5, CUSTOM_6, CUSTOM_7, CUSTOM_8, CUSTOM_9,CUSTOM_10 ,CUSTOM_11 ,CUSTOM_12 ,CUSTOM_13 ,CUSTOM_14 ,CUSTOM_15 ,CUSTOM_16        , custom-int-1, custom-int-2, custom-int-3, custom-int-4, custom-int-5, custom-int-6, custom-int-7, custom-int-8  );
INSERT INTO TASK VALUES('TKI:000000000000000000000000000000000001', 'ETI:000000000000000000000000000000000001', RELATIVE_DATE(0) , RELATIVE_DATE(0) , RELATIVE_DATE(0) , RELATIVE_DATE(0) , null    , RELATIVE_DATE(-5), RELATIVE_DATE(-70000), 'Task01',   'teamlead-1',   'Some description.', 'Some custom Note', 1       , -1             , 'READY'  , 'EXTERN'                , 'L10000'          , 'CLI:000000000000000000000000000000000001', 'WBI:000000000000000000000000000000000001', 'USER-1-1'    , 'DOMAIN_C', 'BPI21'            , 'PBPI21'                  , 'John', 'MyCompany1', 'MySystem1', 'MyInstance1', 'MyType1', 'MyValue1', true   , false         , null         , 'NONE'        , null             , 'Geschaeftsstelle A'   , 'Vollkasko'           , ''      , ''      , ''      , ''      , ''      , ''      , ''      , ''       , ''       , ''       , ''       , ''       , ''       , 'VALUE_01'      , 1           , 2           , 3           , 4           , 5           , 6           , 7           , 8   );
INSERT INTO TASK VALUES('TKI:000000000000000000000000000000000002', 'ETI:000000000000000000000000000000000002', RELATIVE_DATE(0) , RELATIVE_DATE(0) , RELATIVE_DATE(0) , RELATIVE_DATE(0) , null    , RELATIVE_DATE(-6), RELATIVE_DATE(-14000), 'Task02',   'teamlead-1',   'Some description.', 'Some custom Note', 1       , -1             , 'READY'  , 'EXTERN'                , 'L20000'          , 'CLI:000000000000000000000000000000000002', 'WBI:000000000000000000000000000000000002', 'USER-1-2'    , 'DOMAIN_C', 'BPI21'            , 'PBPI21'                  , 'John', 'MyCompany1', 'MySystem1', 'MyInstance1', 'MyType1', 'MyValue1', true   , false         , null         , 'NONE'        , null             , 'Geschaeftsstelle B'   , 'Teilkasko'           , ''      , ''      , ''      , ''      , ''      , ''      , ''      , ''       , ''       , ''       , ''       , ''       , ''       , 'VALUE_02'      , 1           , 2           , 3           , 4           , 5           , 6           , 7           , 8   );
INSERT INTO TASK VALUES('TKI:000000000000000000000000000000000003', 'ETI:000000000000000000000000000000000003', RELATIVE_DATE(0) , RELATIVE_DATE(0) , null             , RELATIVE_DATE(0) , null    , RELATIVE_DATE(0) , RELATIVE_DATE(-2800) , 'Task03',   'teamlead-2',   'Some description.', 'Some custom Note', 1       , -1             , 'READY'  , 'EXTERN'                , 'L20000'          , 'CLI:000000000000000000000000000000000002', 'WBI:000000000000000000000000000000000002', 'USER-1-2'    , 'DOMAIN_B', 'BPI21'            , 'PBPI21'                  , 'John', 'MyCompany1', 'MySystem1', 'MyInstance1', 'MyType1', 'MyValue1', true   , false         , null         , 'NONE'        , null             , 'Geschaeftsstelle A'   , 'Teilkasko'           , ''      , ''      , ''      , ''      , ''      , ''      , ''      , ''       , ''       , ''       , ''       , ''       , ''       , 'VALUE_03'      , 1           , 2           , 3           , 4           , 5           , 6           , 7           , 8   );
INSERT INTO TASK VALUES('TKI:000000000000000000000000000000000004', 'ETI:000000000000000000000000000000000004', RELATIVE_DATE(0) , RELATIVE_DATE(0) , null             , RELATIVE_DATE(0) , null    , RELATIVE_DATE(-5), RELATIVE_DATE(-1400) , 'Task04',   'teamlead-2',   'Some description.', 'Some custom Note', 1       , -1             , 'READY'  , 'EXTERN'                , 'L10000'          , 'CLI:000000000000000000000000000000000001', 'WBI:000000000000000000000000000000000001', 'USER-1-1'    , 'DOMAIN_C', 'BPI21'            , 'PBPI21'                  , 'John', 'MyCompany1', 'MySystem1', 'MyInstance1', 'MyType1', 'MyValue1', true   , false         , null         , 'NONE'        , null             , 'Geschaeftsstelle C'   , 'Teilkasko'           , ''      , ''      , ''      , ''      , ''      , ''      , ''      , ''       , ''       , ''       , ''       , ''       , ''       , 'VALUE_04'      , 1           , 2           , 3           , 4           , 5           , 6           , 7           , 8   );
INSERT INTO TASK VALUES('TKI:000000000000000000000000000000000005', 'ETI:000000000000000000000000000000000005', RELATIVE_DATE(0) , RELATIVE_DATE(0) , null             , RELATIVE_DATE(0) , null    , RELATIVE_DATE(0) , RELATIVE_DATE(-1400) , 'Task05',   'teamlead-2',   'Some description.', 'Some custom Note', 1       , -1             , 'READY'  , 'EXTERN'                , 'L20000'          , 'CLI:000000000000000000000000000000000002', 'WBI:000000000000000000000000000000000003', 'USER-1-3'    , 'DOMAIN_A', 'BPI21'            , 'PBPI21'                  , 'John', 'MyCompany1', 'MySystem1', 'MyInstance1', 'MyType1', 'MyValue1', true   , false         , null         , 'NONE'        , null             , 'Geschaeftsstelle A'   , 'Teilkasko'           , ''      , ''      , ''      , ''      , ''      , ''      , ''      , ''       , ''       , ''       , ''       , ''       , ''       , 'VALUE_05'      , 1           , 2           , 3           , 4           , 5           , 6           , 7           , 8   );
INSERT INTO TASK VALUES('TKI:000000000000000000000000000000000006', 'ETI:000000000000000000000000000000000006', RELATIVE_DATE(0) , RELATIVE_DATE(0) , null             , RELATIVE_DATE(0) , null    , RELATIVE_DATE(0) , RELATIVE_DATE(-700)  , 'Task06',   'teamlead-1',   'Some description.', 'Some custom Note', 1       , -1             , 'READY'  , 'AUTOMATIC'             , 'L30000'          , 'CLI:000000000000000000000000000000000003', 'WBI:000000000000000000000000000000000001', 'USER-1-1'    , 'DOMAIN_B', 'BPI21'            , 'PBPI21'                  , 'John', 'MyCompany1', 'MySystem1', 'MyInstance1', 'MyType1', 'MyValue1', true   , false         , null         , 'NONE'        , null             , 'Geschaeftsstelle B'   , 'Teilkasko'           , ''      , ''      , ''      , ''      , ''      , ''      , ''      , ''       , ''       , ''       , ''       , ''       , ''       , 'VALUE_06'      , 1           , 2           , 3           , 4           , 5           , 6           , 7           , 8   );
INSERT INTO TASK VALUES('TKI:000000000000000000000000000000000007', 'ETI:000000000000000000000000000000000007', RELATIVE_DATE(0) , RELATIVE_DATE(0) , null             , RELATIVE_DATE(0) , null    , RELATIVE_DATE(0) , RELATIVE_DATE(-700)  , 'Task07',   'teamlead-2',   'Some description.', 'Some custom Note', 1       , -1             , 'READY'  , 'EXTERN'                , 'L10000'          , 'CLI:000000000000000000000000000000000001', 'WBI:000000000000000000000000000000000002', 'USER-1-2'    , 'DOMAIN_A', 'BPI21'            , 'PBPI21'                  , 'John', 'MyCompany1', 'MySystem1', 'MyInstance1', 'MyType1', 'MyValue1', true   , false         , null         , 'NONE'        , null             , 'Geschaeftsstelle A'   , 'Vollkasko'           , ''      , ''      , ''      , ''      , ''      , ''      , ''      , ''       , ''       , ''       , ''       , ''       , ''       , 'VALUE_07'      , 1           , 2           , 3           , 4           , 5           , 6           , 7           , 8   );
INSERT INTO TASK VALUES('TKI:000000000000000000000000000000000008', 'ETI:000000000000000000000000000000000008', RELATIVE_DATE(0) , RELATIVE_DATE(0) , null             , RELATIVE_DATE(0) , null    , RELATIVE_DATE(0) , RELATIVE_DATE(-35)   , 'Task08',   'teamlead-2',   'Some description.', 'Some custom Note', 1       , -1             , 'READY'  , 'MANUAL'                , 'L40000'          , 'CLI:000000000000000000000000000000000004', 'WBI:000000000000000000000000000000000002', 'USER-1-2'    , 'DOMAIN_A', 'BPI21'            , 'PBPI21'                  , 'John', 'MyCompany1', 'MySystem1', 'MyInstance1', 'MyType1', 'MyValue1', true   , false         , null         , 'NONE'        , null             , 'Geschaeftsstelle A'   , 'Vollkasko'           , ''      , ''      , ''      , ''      , ''      , ''      , ''      , ''       , ''       , ''       , ''       , ''       , ''       , 'VALUE_08'      , 1           , 2           , 3           , 4           , 5           , 6           , 7           , 8   );
INSERT INTO TASK VALUES('TKI:000000000000000000000000000000000009', 'ETI:000000000000000000000000000000000009', RELATIVE_DATE(0) , RELATIVE_DATE(0) , null             , RELATIVE_DATE(0) , null    , RELATIVE_DATE(0) , RELATIVE_DATE(-28)   , 'Task09',   'teamlead-1',   'Some description.', 'Some custom Note', 1       , -1             , 'READY'  , 'MANUAL'                , 'L40000'          , 'CLI:000000000000000000000000000000000004', 'WBI:000000000000000000000000000000000001', 'USER-1-1'    , 'DOMAIN_A', 'BPI21'            , 'PBPI21'                  , 'John', 'MyCompany1', 'MySystem1', 'MyInstance1', 'MyType1', 'MyValue1', true   , false         , null         , 'NONE'        , null             , 'Geschaeftsstelle B'   , 'Teilkasko'           , ''      , ''      , ''      , ''      , ''      , ''      , ''      , ''       , ''       , ''       , ''       , ''       , ''       , 'VALUE_09'      , 1           , 2           , 3           , 4           , 5           , 6           , 7           , 8   );
INSERT INTO TASK VALUES('TKI:000000000000000000000000000000000010', 'ETI:000000000000000000000000000000000010', RELATIVE_DATE(0) , RELATIVE_DATE(0) , null             , RELATIVE_DATE(0) , null    , RELATIVE_DATE(0) , RELATIVE_DATE(-28)   , 'Task10',   'teamlead-1',   'Some description.', 'Some custom Note', 1       , -1             , 'READY'  , 'EXTERN'                , 'L10000'          , 'CLI:000000000000000000000000000000000001', 'WBI:000000000000000000000000000000000001', 'USER-1-1'    , 'DOMAIN_A', 'BPI21'            , 'PBPI21'                  , 'John', 'MyCompany1', 'MySystem1', 'MyInstance1', 'MyType1', 'MyValue1', true   , false         , null         , 'NONE'        , null             , 'Geschaeftsstelle A'   , 'Teilkasko'           , ''      , ''      , ''      , ''      , ''      , ''      , ''      , ''       , ''       , ''       , ''       , ''       , ''       , 'VALUE_10'      , 1           , 2           , 3           , 4           , 5           , 6           , 7           , 8   );
INSERT INTO TASK VALUES('TKI:000000000000000000000000000000000011', 'ETI:000000000000000000000000000000000011', RELATIVE_DATE(0) , RELATIVE_DATE(0) , null             , RELATIVE_DATE(0) , null    , RELATIVE_DATE(0) , RELATIVE_DATE(-14)   , 'Task11',   'teamlead-2',   'Some description.', 'Some custom Note', 1       , -1             , 'READY'  , 'EXTERN'                , 'L50000'          , 'CLI:000000000000000000000000000000000005', 'WBI:000000000000000000000000000000000001', 'USER-1-1'    , 'DOMAIN_C', 'BPI21'            , 'PBPI21'                  , 'John', 'MyCompany1', 'MySystem1', 'MyInstance1', 'MyType1', 'MyValue1', true   , false         , null         , 'NONE'        , null             , 'Geschaeftsstelle C'   , 'Vollkasko'           , ''      , ''      , ''      , ''      , ''      , ''      , ''      , ''       , ''       , ''       , ''       , ''       , ''       , 'VALUE_11'      , 1           , 2           , 3           , 4           , 5           , 6           , 7           , 8   );
INSERT INTO TASK VALUES('TKI:000000000000000000000000000000000012', 'ETI:000000000000000000000000000000000012', RELATIVE_DATE(0) , RELATIVE_DATE(0) , null             , RELATIVE_DATE(0) , null    , RELATIVE_DATE(0) , RELATIVE_DATE(-14)   , 'Task12',   'teamlead-2',   'Some description.', 'Some custom Note', 1       , -1             , 'READY'  , 'EXTERN'                , 'L50000'          , 'CLI:000000000000000000000000000000000005', 'WBI:000000000000000000000000000000000003', 'USER-1-3'    , 'DOMAIN_C', 'BPI21'            , 'PBPI21'                  , 'John', 'MyCompany1', 'MySystem1', 'MyInstance1', 'MyType1', 'MyValue1', true   , false         , null         , 'NONE'        , null             , 'Geschaeftsstelle A'   , 'Teilkasko'           , ''      , ''      , ''      , ''      , ''      , ''      , ''      , ''       , ''       , ''       , ''       , ''       , ''       , 'VALUE_12'      , 1           , 2           , 3           , 4           , 5           , 6           , 7           , 8   );
INSERT INTO TASK VALUES('TKI:000000000000000000000000000000000013', 'ETI:000000000000000000000000000000000013', RELATIVE_DATE(0) , RELATIVE_DATE(0) , null             , RELATIVE_DATE(0) , null    , RELATIVE_DATE(0) , RELATIVE_DATE(-14)   , 'Task13',   'teamlead-1',   'Some description.', 'Some custom Note', 1       , -1             , 'READY'  , 'EXTERN'                , 'L10000'          , 'CLI:000000000000000000000000000000000001', 'WBI:000000000000000000000000000000000001', 'USER-1-1'    , 'DOMAIN_A', 'BPI21'            , 'PBPI21'                  , 'John', 'MyCompany1', 'MySystem1', 'MyInstance1', 'MyType1', 'MyValue1', true   , false         , null         , 'NONE'        , null             , 'Geschaeftsstelle B'   , 'Teilkasko'           , ''      , ''      , ''      , ''      , ''      , ''      , ''      , ''       , ''       , ''       , ''       , ''       , ''       , 'VALUE_13'      , 1           , 2           , 3           , 4           , 5           , 6           , 7           , 8   );
INSERT INTO TASK VALUES('TKI:000000000000000000000000000000000014', 'ETI:000000000000000000000000000000000014', RELATIVE_DATE(0) , RELATIVE_DATE(0) , null             , RELATIVE_DATE(0) , null    , RELATIVE_DATE(0) , RELATIVE_DATE(-14)   , 'Task14',   'teamlead-2',   'Some description.', 'Some custom Note', 1       , -1             , 'READY'  , 'EXTERN'                , 'L20000'          , 'CLI:000000000000000000000000000000000002', 'WBI:000000000000000000000000000000000001', 'USER-1-1'    , 'DOMAIN_A', 'BPI21'            , 'PBPI21'                  , 'John', 'MyCompany1', 'MySystem1', 'MyInstance1', 'MyType1', 'MyValue1', true   , false         , null         , 'NONE'        , null             , 'Geschaeftsstelle A'   , 'Vollkasko'           , ''      , ''      , ''      , ''      , ''      , ''      , ''      , ''       , ''       , ''       , ''       , ''       , ''       , 'VALUE_14'      , 1           , 2           , 3           , 4           , 5           , 6           , 7           , 8   );
INSERT INTO TASK VALUES('TKI:000000000000000000000000000000000015', 'ETI:000000000000000000000000000000000015', RELATIVE_DATE(0) , RELATIVE_DATE(0) , null             , RELATIVE_DATE(0) , null    , RELATIVE_DATE(0) , RELATIVE_DATE(-14)   , 'Task15',   'teamlead-2',   'Some description.', 'Some custom Note', 6       , -1             , 'READY'  , 'EXTERN'                , 'L20000'          , 'CLI:000000000000000000000000000000000002', 'WBI:000000000000000000000000000000000001', 'USER-1-1'    , 'DOMAIN_A', 'BPI21'            , 'PBPI21'                  , 'John', 'MyCompany1', 'MySystem1', 'MyInstance1', 'MyType1', 'MyValue1', true   , false         , null         , 'NONE'        , null             , 'Geschaeftsstelle A'   , 'Teilkasko'           , ''      , ''      , ''      , ''      , ''      , ''      , ''      , ''       , ''       , ''       , ''       , ''       , ''       , 'VALUE_15'      , 1           , 2           , 3           , 4           , 5           , 6           , 7           , 8   );
INSERT INTO TASK VALUES('TKI:000000000000000000000000000000000016', 'ETI:000000000000000000000000000000000016', RELATIVE_DATE(0) , RELATIVE_DATE(0) , null             , RELATIVE_DATE(0) , null    , RELATIVE_DATE(0) , RELATIVE_DATE(-14)   , 'Task16',   'teamlead-2',   'Some description.', 'Some custom Note', 7       , -1             , 'READY'  , 'EXTERN'                , 'L10000'          , 'CLI:000000000000000000000000000000000001', 'WBI:000000000000000000000000000000000001', 'USER-1-1'    , 'DOMAIN_A', 'BPI21'            , 'PBPI21'                  , 'John', 'MyCompany1', 'MySystem1', 'MyInstance1', 'MyType1', 'MyValue1', true   , false         , null         , 'NONE'        , null             , 'Geschaeftsstelle C'   , 'Teilkasko'           , ''      , ''      , ''      , ''      , ''      , ''      , ''      , ''       , ''       , ''       , ''       , ''       , ''       , 'VALUE_16'      , 1           , 2           , 3           , 4           , 5           , 6           , 7           , 8   );
INSERT INTO TASK VALUES('TKI:000000000000000000000000000000000017', 'ETI:000000000000000000000000000000000017', RELATIVE_DATE(0) , RELATIVE_DATE(0) , null             , RELATIVE_DATE(0) , null    , RELATIVE_DATE(0) , RELATIVE_DATE(-14)   , 'Task17',   'teamlead-2',   'Some description.', 'Some custom Note', 8       , -1             , 'READY'  , 'AUTOMATIC'             , 'L30000'          , 'CLI:000000000000000000000000000000000003', 'WBI:000000000000000000000000000000000001', 'USER-1-1'    , 'DOMAIN_A', 'BPI21'            , 'PBPI21'                  , 'John', 'MyCompany1', 'MySystem1', 'MyInstance1', 'MyType1', 'MyValue1', true   , false         , null         , 'NONE'        , null             , 'Geschaeftsstelle A'   , 'Vollkasko'           , ''      , ''      , ''      , ''      , ''      , ''      , ''      , ''       , ''       , ''       , ''       , ''       , ''       , 'VALUE_17'      , 1           , 2           , 3           , 4           , 5           , 6           , 7           , 8   );
INSERT INTO TASK VALUES('TKI:000000000000000000000000000000000018', 'ETI:000000000000000000000000000000000018', RELATIVE_DATE(0) , RELATIVE_DATE(0) , null             , RELATIVE_DATE(0) , null    , RELATIVE_DATE(0) , RELATIVE_DATE(-14)   , 'Task18',   'teamlead-2',   'Some description.', 'Some custom Note', 1       , -1             , 'READY'  , 'EXTERN'                , 'L50000'          , 'CLI:000000000000000000000000000000000005', 'WBI:000000000000000000000000000000000001', 'USER-1-1'    , 'DOMAIN_B', 'BPI21'            , 'PBPI21'                  , 'John', 'MyCompany1', 'MySystem1', 'MyInstance1', 'MyType1', 'MyValue1', true   , false         , null         , 'NONE'        , null             , 'Geschaeftsstelle B'   , 'Teilkasko'           , ''      , ''      , ''      , ''      , ''      , ''      , ''      , ''       , ''       , ''       , ''       , ''       , ''       , 'VALUE_18'      , 1           , 2           , 3           , 4           , 5           , 6           , 7           , 8   );
INSERT INTO TASK VALUES('TKI:000000000000000000000000000000000019', 'ETI:000000000000000000000000000000000019', RELATIVE_DATE(0) , RELATIVE_DATE(0) , null             , RELATIVE_DATE(0) , null    , RELATIVE_DATE(0) , RELATIVE_DATE(-14)   , 'Task19',   'teamlead-2',   'Some description.', 'Some custom Note', 1       , -1             , 'READY'  , 'EXTERN'                , 'L10000'          , 'CLI:000000000000000000000000000000000001', 'WBI:000000000000000000000000000000000001', 'USER-1-1'    , 'DOMAIN_A', 'BPI21'            , 'PBPI21'                  , 'John', 'MyCompany1', 'MySystem1', 'MyInstance1', 'MyType1', 'MyValue1', true   , false         , null         , 'NONE'        , null             , 'Geschaeftsstelle A'   , 'Vollkasko'           , ''      , ''      , ''      , ''      , ''      , ''      , ''      , ''       , ''       , ''       , ''       , ''       , ''       , 'VALUE_19'      , 1           , 2           , 3           , 4           , 5           , 6           , 7           , 8   );
INSERT INTO TASK VALUES('TKI:000000000000000000000000000000000020', 'ETI:000000000000000000000000000000000020', RELATIVE_DATE(0) , RELATIVE_DATE(0) , null             , RELATIVE_DATE(0) , null    , RELATIVE_DATE(0) , RELATIVE_DATE(-7)    , 'Task20',   'teamlead-2',   'Some description.', 'Some custom Note', 1       , -1             , 'READY'  , 'EXTERN'                , 'L50000'          , 'CLI:000000000000000000000000000000000005', 'WBI:000000000000000000000000000000000001', 'USER-1-1'    , 'DOMAIN_A', 'BPI21'            , 'PBPI21'                  , 'John', 'MyCompany1', 'MySystem1', 'MyInstance1', 'MyType1', 'MyValue1', true   , false         , null         , 'NONE'        , null             , 'Geschaeftsstelle A'   , 'Teilkasko'           , ''      , ''      , ''      , ''      , ''      , ''      , ''      , ''       , ''       , ''       , ''       , ''       , ''       , 'VALUE_20'      , 1           , 2           , 3           , 4           , 5           , 6           , 7           , 8   );
INSERT INTO TASK VALUES('TKI:000000000000000000000000000000000021', 'ETI:000000000000000000000000000000000021', RELATIVE_DATE(0) , RELATIVE_DATE(0) , null             , RELATIVE_DATE(0) , null    , RELATIVE_DATE(0) , RELATIVE_DATE(-7)    , 'Task21',   'teamlead-1',   'Some description.', 'Some custom Note', 1       , -1             , 'READY'  , 'EXTERN'                , 'L10000'          , 'CLI:000000000000000000000000000000000001', 'WBI:000000000000000000000000000000000002', 'USER-1-2'    , 'DOMAIN_A', 'BPI21'            , 'PBPI21'                  , 'John', 'MyCompany1', 'MySystem1', 'MyInstance1', 'MyType1', 'MyValue1', true   , false         , null         , 'NONE'        , null             , 'Geschaeftsstelle B'   , 'Teilkasko'           , ''      , ''      , ''      , ''      , ''      , ''      , ''      , ''       , ''       , ''       , ''       , ''       , ''       , 'VALUE_21'      , 1           , 2           , 3           , 4           , 5           , 6           , 7           , 8   );
INSERT INTO TASK VALUES('TKI:000000000000000000000000000000000022', 'ETI:000000000000000000000000000000000022', RELATIVE_DATE(0) , RELATIVE_DATE(0) , null             , RELATIVE_DATE(0) , null    , RELATIVE_DATE(0) , RELATIVE_DATE(-7)    , 'Task22',   'teamlead-1',   'Some description.', 'Some custom Note', 1       , -1             , 'READY'  , 'EXTERN'                , 'L20000'          , 'CLI:000000000000000000000000000000000002', 'WBI:000000000000000000000000000000000003', 'USER-1-3'    , 'DOMAIN_A', 'BPI21'            , 'PBPI21'                  , 'John', 'MyCompany1', 'MySystem1', 'MyInstance1', 'MyType1', 'MyValue1', true   , false         , null         , 'NONE'        , null             , 'Geschaeftsstelle C'   , 'Teilkasko'           , ''      , ''      , ''      , ''      , ''      , ''      , ''      , ''       , ''       , ''       , ''       , ''       , ''       , 'VALUE_22'      , 1           , 2           , 3           , 4           , 5           , 6           , 7           , 8   );
INSERT INTO TASK VALUES('TKI:000000000000000000000000000000000023', 'ETI:000000000000000000000000000000000023', RELATIVE_DATE(0) , RELATIVE_DATE(0) , null             , RELATIVE_DATE(0) , null    , RELATIVE_DATE(0) , RELATIVE_DATE(-7)    , 'Task23',   'teamlead-1',   'Some description.', 'Some custom Note', 1       , -1             , 'READY'  , 'EXTERN'                , 'L20000'          , 'CLI:000000000000000000000000000000000002', 'WBI:000000000000000000000000000000000002', 'USER-1-2'    , 'DOMAIN_B', 'BPI21'            , 'PBPI21'                  , 'John', 'MyCompany1', 'MySystem1', 'MyInstance1', 'MyType1', 'MyValue1', true   , false         , null         , 'NONE'        , null             , 'Geschaeftsstelle C'   , 'Vollkasko'           , ''      , ''      , ''      , ''      , ''      , ''      , ''      , ''       , ''       , ''       , ''       , ''       , ''       , 'VALUE_23'      , 1           , 2           , 3           , 4           , 5           , 6           , 7           , 8   );
INSERT INTO TASK VALUES('TKI:000000000000000000000000000000000024', 'ETI:000000000000000000000000000000000024', RELATIVE_DATE(0) , RELATIVE_DATE(0) , null             , RELATIVE_DATE(0) , null    , RELATIVE_DATE(0) , RELATIVE_DATE(-7)    , 'Task24',   'teamlead-1',   'Some description.', 'Some custom Note', 1       , -1             , 'READY'  , 'EXTERN'                , 'L20000'          , 'CLI:000000000000000000000000000000000002', 'WBI:000000000000000000000000000000000002', 'USER-1-2'    , 'DOMAIN_B', 'BPI21'            , 'PBPI21'                  , 'John', 'MyCompany1', 'MySystem1', 'MyInstance1', 'MyType1', 'MyValue1', true   , false         , null         , 'NONE'        , null             , 'Geschaeftsstelle A'   , 'Vollkasko'           , ''      , ''      , ''      , ''      , ''      , ''      , ''      , ''       , ''       , ''       , ''       , ''       , ''       , 'VALUE_24'      , 1           , 2           , 3           , 4           , 5           , 6           , 7           , 8   );
INSERT INTO TASK VALUES('TKI:000000000000000000000000000000000025', 'ETI:000000000000000000000000000000000025', RELATIVE_DATE(0) , RELATIVE_DATE(0) , null             , RELATIVE_DATE(0) , null    , RELATIVE_DATE(0) , RELATIVE_DATE(-7)    , 'Task25',   'teamlead-1',   'Some description.', 'Some custom Note', 1       , -1             , 'READY'  , 'AUTOMATIC'             , 'L30000'          , 'CLI:000000000000000000000000000000000003', 'WBI:000000000000000000000000000000000001', 'USER-1-1'    , 'DOMAIN_C', 'BPI21'            , 'PBPI21'                  , 'John', 'MyCompany1', 'MySystem1', 'MyInstance1', 'MyType1', 'MyValue1', true   , false         , null         , 'NONE'        , null             , 'Geschaeftsstelle C'   , 'Vollkasko'           , ''      , ''      , ''      , ''      , ''      , ''      , ''      , ''       , ''       , ''       , ''       , ''       , ''       , 'VALUE_25'      , 1           , 2           , 3           , 4           , 5           , 6           , 7           , 8   );
INSERT INTO TASK VALUES('TKI:000000000000000000000000000000000026', 'ETI:000000000000000000000000000000000026', RELATIVE_DATE(0) , RELATIVE_DATE(0) , null             , RELATIVE_DATE(0) , null    , RELATIVE_DATE(0) , RELATIVE_DATE(-7)    , 'Task26',   'teamlead-1',   'Some description.', 'Some custom Note', 1       , -1             , 'READY'  , 'EXTERN'                , 'L50000'          , 'CLI:000000000000000000000000000000000005', 'WBI:000000000000000000000000000000000001', 'USER-1-1'    , 'DOMAIN_C', 'BPI21'            , 'PBPI21'                  , 'John', 'MyCompany1', 'MySystem1', 'MyInstance1', 'MyType1', 'MyValue1', true   , false         , null         , 'NONE'        , null             , 'Geschaeftsstelle B'   , 'Vollkasko'           , ''      , ''      , ''      , ''      , ''      , ''      , ''      , ''       , ''       , ''       , ''       , ''       , ''       , 'VALUE_26'      , 1           , 2           , 3           , 4           , 5           , 6           , 7           , 8   );
INSERT INTO TASK VALUES('TKI:000000000000000000000000000000000027', 'ETI:000000000000000000000000000000000027', RELATIVE_DATE(0) , RELATIVE_DATE(0) , null             , RELATIVE_DATE(0) , null    , RELATIVE_DATE(0) , RELATIVE_DATE(-7)    , 'Task27',   'teamlead-2',   'Some description.', 'Some custom Note', 1       , -1             , 'READY'  , 'EXTERN'                , 'L50000'          , 'CLI:000000000000000000000000000000000005', 'WBI:000000000000000000000000000000000002', 'USER-1-2'    , 'DOMAIN_C', 'BPI21'            , 'PBPI21'                  , 'John', 'MyCompany1', 'MySystem1', 'MyInstance1', 'MyType1', 'MyValue1', true   , false         , null         , 'NONE'        , null             , 'Geschaeftsstelle A'   , 'Teilkasko'           , ''      , ''      , ''      , ''      , ''      , ''      , ''      , ''       , ''       , ''       , ''       , ''       , ''       , 'VALUE_27'      , 1           , 2           , 3           , 4           , 5           , 6           , 7           , 8   );
INSERT INTO TASK VALUES('TKI:000000000000000000000000000000000028', 'ETI:000000000000000000000000000000000028', RELATIVE_DATE(0) , RELATIVE_DATE(0) , null             , RELATIVE_DATE(0) , null    , RELATIVE_DATE(0) , RELATIVE_DATE(-7)    , 'Task28',   'teamlead-2',   'Some description.', 'Some custom Note', 1       , -1             , 'READY'  , 'EXTERN'                , 'L10000'          , 'CLI:000000000000000000000000000000000001', 'WBI:000000000000000000000000000000000002', 'USER-1-2'    , 'DOMAIN_A', 'BPI21'            , 'PBPI21'                  , 'John', 'MyCompany1', 'MySystem1', 'MyInstance1', 'MyType1', 'MyValue1', true   , false         , null         , 'NONE'        , null             , 'Geschaeftsstelle B'   , 'Teilkasko'           , ''      , ''      , ''      , ''      , ''      , ''      , ''      , ''       , ''       , ''       , ''       , ''       , ''       , 'VALUE_28'      , 1           , 2           , 3           , 4           , 5           , 6           , 7           , 8   );
INSERT INTO TASK VALUES('TKI:000000000000000000000000000000000029', 'ETI:000000000000000000000000000000000029', RELATIVE_DATE(-8), RELATIVE_DATE(0) , RELATIVE_DATE(-7), RELATIVE_DATE(0) , null    , RELATIVE_DATE(0) , RELATIVE_DATE(-7)    , 'Task29',   'teamlead-2',   'Some description.', 'Some custom Note', 1       , -1             , 'READY'  , 'MANUAL'                , 'L40000'          , 'CLI:000000000000000000000000000000000004', 'WBI:000000000000000000000000000000000003', 'USER-1-3'    , 'DOMAIN_B', 'BPI21'            , 'PBPI21'                  , 'John', 'MyCompany1', 'MySystem1', 'MyInstance1', 'MyType1', 'MyValue1', true   , false         , null         , 'NONE'        , null             , 'Geschaeftsstelle A'   , 'Teilkasko'           , ''      , ''      , ''      , ''      , ''      , ''      , ''      , ''       , ''       , ''       , ''       , ''       , ''       , 'VALUE_29'      , 1           , 2           , 3           , 4           , 5           , 6           , 7           , 8   );
INSERT INTO TASK VALUES('TKI:000000000000000000000000000000000030', 'ETI:000000000000000000000000000000000030', RELATIVE_DATE(-9), RELATIVE_DATE(0) , null             , RELATIVE_DATE(0) , null    , RELATIVE_DATE(0) , RELATIVE_DATE(-7)    , 'Task30',   'teamlead-1',   'Some description.', 'Some custom Note', 1       , -1             , 'READY'  , 'MANUAL'                , 'L40000'          , 'CLI:000000000000000000000000000000000004', 'WBI:000000000000000000000000000000000002', 'USER-1-2'    , 'DOMAIN_B', 'BPI21'            , 'PBPI21'                  , 'John', 'MyCompany1', 'MySystem1', 'MyInstance1', 'MyType1', 'MyValue1', true   , false         , null         , 'NONE'        , null             , 'Geschaeftsstelle C'   , 'Vollkasko'           , ''      , ''      , ''      , ''      , ''      , ''      , ''      , ''       , ''       , ''       , ''       , ''       , ''       , 'VALUE_30'      , 1           , 2           , 3           , 4           , 5           , 6           , 7           , 8   );
INSERT INTO TASK VALUES('TKI:000000000000000000000000000000000031', 'ETI:000000000000000000000000000000000031', RELATIVE_DATE(0) , RELATIVE_DATE(0) , null             , RELATIVE_DATE(0) , null    , RELATIVE_DATE(0) , RELATIVE_DATE(0)     , 'Task31',   'teamlead-1',   'Some description.', 'Some custom Note', 1       , -1             , 'READY'  , 'MANUAL'                , 'L40000'          , 'CLI:000000000000000000000000000000000004', 'WBI:000000000000000000000000000000000001', 'USER-1-1'    , 'DOMAIN_B', 'BPI21'            , 'PBPI21'                  , 'John', 'MyCompany1', 'MySystem1', 'MyInstance1', 'MyType1', 'MyValue1', true   , false         , null         , 'NONE'        , null             , 'Geschaeftsstelle A'   , 'Teilkasko'           , ''      , ''      , ''      , ''      , ''      , ''      , ''      , ''       , ''       , ''       , ''       , ''       , ''       , 'VALUE_31'      , 1           , 2           , 3           , 4           , 5           , 6           , 7           , 8   );
INSERT INTO TASK VALUES('TKI:000000000000000000000000000000000032', 'ETI:000000000000000000000000000000000032', RELATIVE_DATE(0) , RELATIVE_DATE(0) , RELATIVE_DATE(-1), RELATIVE_DATE(0) , null    , RELATIVE_DATE(0) , RELATIVE_DATE(0)     , 'Task32',   'teamlead-2',   'Some description.', 'Some custom Note', 1       , -1             , 'READY'  , 'MANUAL'                , 'L40000'          , 'CLI:000000000000000000000000000000000004', 'WBI:000000000000000000000000000000000002', 'USER-1-2'    , 'DOMAIN_B', 'BPI21'            , 'PBPI21'                  , 'John', 'MyCompany1', 'MySystem1', 'MyInstance1', 'MyType1', 'MyValue1', true   , false         , null         , 'NONE'        , null             , 'Geschaeftsstelle A'   , 'Teilkasko'           , ''      , ''      , ''      , ''      , ''      , ''      , ''      , ''       , ''       , ''       , ''       , ''       , ''       , 'VALUE_32'      , 1           , 2           , 3           , 4           , 5           , 6           , 7           , 8   );
INSERT INTO TASK VALUES('TKI:000000000000000000000000000000000033', 'ETI:000000000000000000000000000000000033', RELATIVE_DATE(0) , RELATIVE_DATE(0) , null             , RELATIVE_DATE(0) , null    , RELATIVE_DATE(0) , RELATIVE_DATE(0)     , 'Task33',   'teamlead-1',   'Some description.', 'Some custom Note', 1       , -1             , 'READY'  , 'EXTERN'                , 'L10000'          , 'CLI:000000000000000000000000000000000001', 'WBI:000000000000000000000000000000000002', 'USER-1-2'    , 'DOMAIN_A', 'BPI21'            , 'PBPI21'                  , 'John', 'MyCompany1', 'MySystem1', 'MyInstance1', 'MyType1', 'MyValue1', true   , false         , null         , 'NONE'        , null             , 'Geschaeftsstelle C'   , 'Teilkasko'           , ''      , ''      , ''      , ''      , ''      , ''      , ''      , ''       , ''       , ''       , ''       , ''       , ''       , 'VALUE_33'      , 1           , 2           , 3           , 4           , 5           , 6           , 7           , 8   );
INSERT INTO TASK VALUES('TKI:000000000000000000000000000000000034', 'ETI:000000000000000000000000000000000034', RELATIVE_DATE(0) , RELATIVE_DATE(0) , RELATIVE_DATE(-1), RELATIVE_DATE(0) , null    , RELATIVE_DATE(0) , RELATIVE_DATE(0)     , 'Task34',   'teamlead-1',   'Some description.', 'Some custom Note', 1       , -1             , 'READY'  , 'EXTERN'                , 'L20000'          , 'CLI:000000000000000000000000000000000002', 'WBI:000000000000000000000000000000000002', 'USER-1-2'    , 'DOMAIN_A', 'BPI21'            , 'PBPI21'                  , 'John', 'MyCompany1', 'MySystem1', 'MyInstance1', 'MyType1', 'MyValue1', true   , false         , null         , 'NONE'        , null             , 'Geschaeftsstelle A'   , 'Vollkasko'           , ''      , ''      , ''      , ''      , ''      , ''      , ''      , ''       , ''       , ''       , ''       , ''       , ''       , 'VALUE_34'      , 1           , 2           , 3           , 4           , 5           , 6           , 7           , 8   );
INSERT INTO TASK VALUES('TKI:000000000000000000000000000000000035', 'ETI:000000000000000000000000000000000035', RELATIVE_DATE(0) , RELATIVE_DATE(0) , null             , RELATIVE_DATE(0) , null    , RELATIVE_DATE(0) , RELATIVE_DATE(7)     , 'Task35',   'teamlead-2',   'Some description.', 'Some custom Note', 1       , -1             , 'READY'  , 'EXTERN'                , 'L20000'          , 'CLI:000000000000000000000000000000000002', 'WBI:000000000000000000000000000000000002', 'USER-1-2'    , 'DOMAIN_A', 'BPI21'            , 'PBPI21'                  , 'John', 'MyCompany1', 'MySystem1', 'MyInstance1', 'MyType1', 'MyValue1', true   , false         , null         , 'NONE'        , null             , 'Geschaeftsstelle A'   , 'Vollkasko'           , ''      , ''      , ''      , ''      , ''      , ''      , ''      , ''       , ''       , ''       , ''       , ''       , ''       , 'VALUE_35'      , 1           , 2           , 3           , 4           , 5           , 6           , 7           , 8   );
INSERT INTO TASK VALUES('TKI:000000000000000000000000000000000036', 'ETI:000000000000000000000000000000000036', RELATIVE_DATE(0) , RELATIVE_DATE(0) , null             , RELATIVE_DATE(0) , null    , RELATIVE_DATE(0) , RELATIVE_DATE(7)     , 'Task36',   'teamlead-1',   'Some description.', 'Some custom Note', 1       , -1             , 'READY'  , 'AUTOMATIC'             , 'L30000'          , 'CLI:000000000000000000000000000000000003', 'WBI:000000000000000000000000000000000001', 'USER-1-1'    , 'DOMAIN_A', 'BPI21'            , 'PBPI21'                  , 'John', 'MyCompany1', 'MySystem1', 'MyInstance1', 'MyType1', 'MyValue1', true   , false         , null         , 'NONE'        , null             , 'Geschaeftsstelle A'   , 'Vollkasko'           , ''      , ''      , ''      , ''      , ''      , ''      , ''      , ''       , ''       , ''       , ''       , ''       , ''       , 'VALUE_36'      , 1           , 2           , 3           , 4           , 5           , 6           , 7           , 8   );
INSERT INTO TASK VALUES('TKI:000000000000000000000000000000000037', 'ETI:000000000000000000000000000000000037', RELATIVE_DATE(-8), RELATIVE_DATE(0) , RELATIVE_DATE(-2), RELATIVE_DATE(0) , null    , RELATIVE_DATE(0) , RELATIVE_DATE(7)     , 'Task37',   'teamlead-1',   'Some description.', 'Some custom Note', 1       , -1             , 'READY'  , 'EXTERN'                , 'L50000'          , 'CLI:000000000000000000000000000000000005', 'WBI:000000000000000000000000000000000002', 'USER-1-2'    , 'DOMAIN_C', 'BPI21'            , 'PBPI21'                  , 'John', 'MyCompany1', 'MySystem1', 'MyInstance1', 'MyType1', 'MyValue1', true   , false         , null         , 'NONE'        , null             , 'Geschaeftsstelle C'   , 'Vollkasko'           , ''      , ''      , ''      , ''      , ''      , ''      , ''      , ''       , ''       , ''       , ''       , ''       , ''       , 'VALUE_37'      , 1           , 2           , 3           , 4           , 5           , 6           , 7           , 8   );
INSERT INTO TASK VALUES('TKI:000000000000000000000000000000000038', 'ETI:000000000000000000000000000000000038', RELATIVE_DATE(0) , RELATIVE_DATE(0) , null             , RELATIVE_DATE(0) , null    , RELATIVE_DATE(0) , RELATIVE_DATE(7)     , 'Task38',   'teamlead-2',   'Some description.', 'Some custom Note', 1       , -1             , 'READY'  , 'EXTERN'                , 'L50000'          , 'CLI:000000000000000000000000000000000005', 'WBI:000000000000000000000000000000000002', 'USER-1-2'    , 'DOMAIN_A', 'BPI21'            , 'PBPI21'                  , 'John', 'MyCompany1', 'MySystem1', 'MyInstance1', 'MyType1', 'MyValue1', true   , false         , null         , 'NONE'        , null             , 'Geschaeftsstelle A'   , 'Vollkasko'           , ''      , ''      , ''      , ''      , ''      , ''      , ''      , ''       , ''       , ''       , ''       , ''       , ''       , 'VALUE_38'      , 1           , 2           , 3           , 4           , 5           , 6           , 7           , 8   );
INSERT INTO TASK VALUES('TKI:000000000000000000000000000000000039', 'ETI:000000000000000000000000000000000039', RELATIVE_DATE(0) , RELATIVE_DATE(0) , null             , RELATIVE_DATE(0) , null    , RELATIVE_DATE(0) , RELATIVE_DATE(7)     , 'Task39',   'teamlead-2',   'Some description.', 'Some custom Note', 1       , -1             , 'READY'  , 'EXTERN'                , 'L50000'          , 'CLI:000000000000000000000000000000000005', 'WBI:000000000000000000000000000000000002', 'USER-1-2'    , 'DOMAIN_A', 'BPI21'            , 'PBPI21'                  , 'John', 'MyCompany1', 'MySystem1', 'MyInstance1', 'MyType1', 'MyValue1', true   , false         , null         , 'NONE'        , null             , 'Geschaeftsstelle A'   , 'Teilkasko'           , ''      , ''      , ''      , ''      , ''      , ''      , ''      , ''       , ''       , ''       , ''       , ''       , ''       , 'VALUE_39'      , 1           , 2           , 3           , 4           , 5           , 6           , 7           , 8   );
INSERT INTO TASK VALUES('TKI:000000000000000000000000000000000040', 'ETI:000000000000000000000000000000000040', RELATIVE_DATE(0) , RELATIVE_DATE(0) , null             , RELATIVE_DATE(0) , null    , RELATIVE_DATE(0) , RELATIVE_DATE(7)     , 'Task40',   'teamlead-1',   'Some description.', 'Some custom Note', 1       , -1             , 'READY'  , 'EXTERN'                , 'L50000'          , 'CLI:000000000000000000000000000000000005', 'WBI:000000000000000000000000000000000002', 'USER-1-2'    , 'DOMAIN_A', 'BPI21'            , 'PBPI21'                  , 'John', 'MyCompany1', 'MySystem1', 'MyInstance1', 'MyType1', 'MyValue1', true   , false         , null         , 'NONE'        , null             , 'Geschaeftsstelle B'   , 'Teilkasko'           , ''      , ''      , ''      , ''      , ''      , ''      , ''      , ''       , ''       , ''       , ''       , ''       , ''       , 'VALUE_40'      , 1           , 2           , 3           , 4           , 5           , 6           , 7           , 8   );
INSERT INTO TASK VALUES('TKI:000000000000000000000000000000000041', 'ETI:000000000000000000000000000000000041', RELATIVE_DATE(0) , RELATIVE_DATE(0) , null             , RELATIVE_DATE(0) , null    , RELATIVE_DATE(0) , RELATIVE_DATE(7)     , 'Task41',   'teamlead-1',   'Some description.', 'Some custom Note', 1       , -1             , 'READY'  , 'EXTERN'                , 'L50000'          , 'CLI:000000000000000000000000000000000005', 'WBI:000000000000000000000000000000000002', 'USER-1-2'    , 'DOMAIN_C', 'BPI21'            , 'PBPI21'                  , 'John', 'MyCompany1', 'MySystem1', 'MyInstance1', 'MyType1', 'MyValue1', true   , false         , null         , 'NONE'        , null             , 'Geschaeftsstelle B'   , 'Teilkasko'           , ''      , ''      , ''      , ''      , ''      , ''      , ''      , ''       , ''       , ''       , ''       , ''       , ''       , 'VALUE_41'      , 1           , 2           , 3           , 4           , 5           , 6           , 7           , 8   );
INSERT INTO TASK VALUES('TKI:000000000000000000000000000000000042', 'ETI:000000000000000000000000000000000042', RELATIVE_DATE(0) , RELATIVE_DATE(0) , null             , RELATIVE_DATE(0) , null    , RELATIVE_DATE(0) , RELATIVE_DATE(14)    , 'Task42',   'teamlead-1',   'Some description.', 'Some custom Note', 1       , -1             , 'CLAIMED', 'EXTERN'                , 'L50000'          , 'CLI:000000000000000000000000000000000005', 'WBI:000000000000000000000000000000000003', 'USER-1-3'    , 'DOMAIN_C', 'BPI21'            , 'PBPI21'                  , 'John', 'MyCompany1', 'MySystem1', 'MyInstance1', 'MyType1', 'MyValue1', true   , false         , null         , 'NONE'        , null             , 'Geschaeftsstelle C'   , 'Teilkasko'           , ''      , ''      , ''      , ''      , ''      , ''      , ''      , ''       , ''       , ''       , ''       , ''       , ''       , 'VALUE_42'      , 1           , 2           , 3           , 4           , 5           , 6           , 7           , 8   );
INSERT INTO TASK VALUES('TKI:000000000000000000000000000000000043', 'ETI:000000000000000000000000000000000043', RELATIVE_DATE(0) , RELATIVE_DATE(0) , null             , RELATIVE_DATE(0) , null    , RELATIVE_DATE(0) , RELATIVE_DATE(14)    , 'Task43',   'teamlead-2',   'Some description.', 'Some custom Note', 1       , -1             , 'CLAIMED', 'EXTERN'                , 'L50000'          , 'CLI:000000000000000000000000000000000005', 'WBI:000000000000000000000000000000000003', 'USER-1-3'    , 'DOMAIN_B', 'BPI21'            , 'PBPI21'                  , 'John', 'MyCompany1', 'MySystem1', 'MyInstance1', 'MyType1', 'MyValue1', true   , false         , null         , 'NONE'        , null             , 'Geschaeftsstelle C'   , 'Vollkasko'           , ''      , ''      , ''      , ''      , ''      , ''      , ''      , ''       , ''       , ''       , ''       , ''       , ''       , 'VALUE_43'      , 1           , 2           , 3           , 4           , 5           , 6           , 7           , 8   );
INSERT INTO TASK VALUES('TKI:000000000000000000000000000000000044', 'ETI:000000000000000000000000000000000044', RELATIVE_DATE(0) , RELATIVE_DATE(0) , null             , RELATIVE_DATE(0) , null    , RELATIVE_DATE(0) , RELATIVE_DATE(14)    , 'Task44',   'teamlead-2',   'Some description.', 'Some custom Note', 9       , -1             , 'CLAIMED', 'AUTOMATIC'             , 'L30000'          , 'CLI:000000000000000000000000000000000003', 'WBI:000000000000000000000000000000000001', 'USER-1-1'    , 'DOMAIN_A', 'BPI21'            , 'PBPI21'                  , 'John', 'MyCompany1', 'MySystem1', 'MyInstance1', 'MyType1', 'MyValue1', true   , false         , null         , 'NONE'        , null             , 'Geschaeftsstelle C'   , 'Teilkasko'           , ''      , ''      , ''      , ''      , ''      , ''      , ''      , ''       , ''       , ''       , ''       , ''       , ''       , 'VALUE_44'      , 1           , 2           , 3           , 4           , 5           , 6           , 7           , 8   );
INSERT INTO TASK VALUES('TKI:000000000000000000000000000000000045', 'ETI:000000000000000000000000000000000045', RELATIVE_DATE(0) , RELATIVE_DATE(0) , null             , RELATIVE_DATE(0) , null    , RELATIVE_DATE(0) , RELATIVE_DATE(14)    , 'Task45',   'teamlead-2',   'Some description.', 'Some custom Note', 9       , -1             , 'CLAIMED', 'AUTOMATIC'             , 'L30000'          , 'CLI:000000000000000000000000000000000003', 'WBI:000000000000000000000000000000000003', 'USER-1-3'    , 'DOMAIN_B', 'BPI21'            , 'PBPI21'                  , 'John', 'MyCompany1', 'MySystem1', 'MyInstance1', 'MyType1', 'MyValue1', true   , false         , null         , 'NONE'        , null             , 'Geschaeftsstelle C'   , 'Teilkasko'           , ''      , ''      , ''      , ''      , ''      , ''      , ''      , ''       , ''       , ''       , ''       , ''       , ''       , 'VALUE_45'      , 1           , 2           , 3           , 4           , 5           , 6           , 7           , 8   );
INSERT INTO TASK VALUES('TKI:000000000000000000000000000000000046', 'ETI:000000000000000000000000000000000046', RELATIVE_DATE(0) , RELATIVE_DATE(0) , null             , RELATIVE_DATE(0) , null    , RELATIVE_DATE(0) , RELATIVE_DATE(21)    , 'Task46',   'teamlead-1',   'Some description.', 'Some custom Note', 1       , -1             , 'CLAIMED', 'AUTOMATIC'             , 'L30000'          , 'CLI:000000000000000000000000000000000003', 'WBI:000000000000000000000000000000000003', 'USER-1-3'    , 'DOMAIN_B', 'BPI21'            , 'PBPI21'                  , 'John', 'MyCompany1', 'MySystem1', 'MyInstance1', 'MyType1', 'MyValue1', true   , false         , null         , 'NONE'        , null             , 'Geschaeftsstelle A'   , 'Teilkasko'           , ''      , ''      , ''      , ''      , ''      , ''      , ''      , ''       , ''       , ''       , ''       , ''       , ''       , 'VALUE_46'      , 1           , 2           , 3           , 4           , 5           , 6           , 7           , 8   );
INSERT INTO TASK VALUES('TKI:000000000000000000000000000000000047', 'ETI:000000000000000000000000000000000047', RELATIVE_DATE(0) , RELATIVE_DATE(0) , null             , RELATIVE_DATE(0) , null    , RELATIVE_DATE(0) , RELATIVE_DATE(210)   , 'Task47',   'teamlead-1',   'Some description.', 'Some custom Note', 1       , -1             , 'CLAIMED', 'MANUAL'                , 'L40000'          , 'CLI:000000000000000000000000000000000004', 'WBI:000000000000000000000000000000000003', 'USER-1-3'    , 'DOMAIN_A', 'BPI21'            , 'PBPI21'                  , 'John', 'MyCompany1', 'MySystem1', 'MyInstance1', 'MyType1', 'MyValue1', true   , false         , null         , 'NONE'        , null             , 'Geschaeftsstelle C'   , 'Vollkasko'           , ''      , ''      , ''      , ''      , ''      , ''      , ''      , ''       , ''       , ''       , ''       , ''       , ''       , 'VALUE_47'      , 1           , 2           , 3           , 4           , 5           , 6           , 7           , 8   );
INSERT INTO TASK VALUES('TKI:000000000000000000000000000000000048', 'ETI:000000000000000000000000000000000048', RELATIVE_DATE(0) , RELATIVE_DATE(0) , null             , RELATIVE_DATE(0) , null    , RELATIVE_DATE(0) , RELATIVE_DATE(210)   , 'Task48',   'teamlead-2',   'Some description.', 'Some custom Note', 1       , -1             , 'CLAIMED', 'MANUAL'                , 'L40000'          , 'CLI:000000000000000000000000000000000004', 'WBI:000000000000000000000000000000000001', 'USER-1-1'    , 'DOMAIN_A', 'BPI21'            , 'PBPI21'                  , 'John', 'MyCompany1', 'MySystem1', 'MyInstance1', 'MyType1', 'MyValue1', true   , false         , null         , 'NONE'        , null             , 'Geschaeftsstelle A'   , 'Vollkasko'           , ''      , ''      , ''      , ''      , ''      , ''      , ''      , ''       , ''       , ''       , ''       , ''       , ''       , 'VALUE_48'      , 1           , 2           , 3           , 4           , 5           , 6           , 7           , 8   );
INSERT INTO TASK VALUES('TKI:000000000000000000000000000000000049', 'ETI:000000000000000000000000000000000049', RELATIVE_DATE(0) , RELATIVE_DATE(0) , null             , RELATIVE_DATE(0) , null    , RELATIVE_DATE(0) , RELATIVE_DATE(28000) , 'Task49',   'teamlead-2',   'Some description.', 'Some custom Note', 1       , -1             , 'CLAIMED', 'MANUAL'                , 'L40000'          , 'CLI:000000000000000000000000000000000004', 'WBI:000000000000000000000000000000000003', 'USER-1-3'    , 'DOMAIN_A', 'BPI21'            , 'PBPI21'                  , 'John', 'MyCompany1', 'MySystem1', 'MyInstance1', 'MyType1', 'MyValue1', true   , false         , null         , 'NONE'        , null             , 'Geschaeftsstelle C'   , 'Vollkasko'           , ''      , ''      , ''      , ''      , ''      , ''      , ''      , ''       , ''       , ''       , ''       , ''       , ''       , 'VALUE_49'      , 1           , 2           , 3           , 4           , 5           , 6           , 7           , 8   );
INSERT INTO TASK VALUES('TKI:000000000000000000000000000000000050', 'ETI:000000000000000000000000000000000050', RELATIVE_DATE(0) , RELATIVE_DATE(0) , null             , RELATIVE_DATE(0) , null    , RELATIVE_DATE(0) , RELATIVE_DATE(700000), 'Task50',   'teamlead-2',   'Some description.', 'Some custom Note', 1       , -1             , 'CLAIMED', 'MANUAL'                , 'L40000'          , 'CLI:000000000000000000000000000000000004', 'WBI:000000000000000000000000000000000002', 'USER-1-2'    , 'DOMAIN_C', 'BPI21'            , 'PBPI21'                  , 'John', 'MyCompany1', 'MySystem1', 'MyInstance1', 'MyType1', 'MyValue1', true   , false         , null         , 'NONE'        , null             , 'Geschaeftsstelle A'   , 'Teilkasko'           , ''      , ''      , ''      , ''      , ''      , ''      , ''      , ''       , ''       , ''       , ''       , ''       , ''       , 'VALUE_50'      , 1           , 2           , 3           , 4           , 5           , 6           , 7           , 8   );
-- Task for TransferAccTest
INSERT INTO TASK VALUES('TKI:100000000000000000000000000000000098', 'ETI:100000000000000000000000000000000098', RELATIVE_DATE(0) , RELATIVE_DATE(0) , null             , RELATIVE_DATE(0) , null    , RELATIVE_DATE(0) , RELATIVE_DATE(7)     , 'Task51',   'teamlead-1',   'Some description.', 'Some custom Note', 305     , -1             , 'READY'  , 'EXTERN'                , 'L50000'          , 'CLI:000000000000000000000000000000000005', 'WBI:000000000000000000000000000000000005', 'GPK-1'       , 'DOMAIN_C', 'BPI21'            , 'PBPI21'                  , 'John', 'MyCompany1', 'MySystem1', 'MyInstance1', 'MyType1', 'MyValue1', true   , false         , null         , 'NONE'        , null             , 'Geschaeftsstelle B'   , 'Teilkasko'           , ''      , ''      , ''      , ''      , ''      , ''      , ''      , ''       , ''       , ''       , ''       , ''       , ''       , 'VALUE_41'      , 1           , 2           , 3           , 4           , 5           , 6           , 7           , 8   );
INSERT INTO TASK VALUES('TKI:200000000000000000000000000000000099', 'ETI:200000000000000000000000000000000099', RELATIVE_DATE(0) , RELATIVE_DATE(0) , null             , RELATIVE_DATE(0) , null    , RELATIVE_DATE(0) , RELATIVE_DATE(14)    , 'Task52',   'teamlead-1',   'Some description.', 'Some custom Note', 505     , -1             , 'CLAIMED', 'EXTERN'                , 'L50000'          , 'CLI:000000000000000000000000000000000005', 'WBI:000000000000000000000000000000000005', 'GPK-1'       , 'DOMAIN_C', 'BPI21'            , 'PBPI21'                  , 'John', 'MyCompany1', 'MySystem1', 'MyInstance1', 'MyType1', 'MyValue1', true   , false         , null         , 'NONE'        , null             , 'Geschaeftsstelle C'   , 'Teilkasko'           , ''      , ''      , ''      , ''      , ''      , ''      , ''      , ''       , ''       , ''       , ''       , ''       , ''       , 'VALUE_42'      , 1           , 2           , 3           , 4           , 5           , 6           , 7           , 8   );
INSERT INTO TASK VALUES('TKI:200000000000000000000000000000000100', 'ETI:200000000000000000000000000000000100', RELATIVE_DATE(0) , RELATIVE_DATE(0) , null             , RELATIVE_DATE(0) , null    , RELATIVE_DATE(0) , RELATIVE_DATE(14)    , 'Task53',   'teamlead-2',   'Some description.', 'Some custom Note', 605     , -1             , 'CLAIMED', 'EXTERN'                , 'L50000'          , 'CLI:000000000000000000000000000000000005', 'WBI:000000000000000000000000000000000006', 'TPK-VIP-1'   , 'DOMAIN_B', 'BPI21'            , 'PBPI21'                  , 'John', 'MyCompany1', 'MySystem1', 'MyInstance1', 'MyType1', 'MyValue1', true   , false         , null         , 'NONE'        , null             , 'Geschaeftsstelle C'   , 'Vollkasko'           , ''      , ''      , ''      , ''      , ''      , ''      , ''      , ''       , ''       , ''       , ''       , ''       , ''       , 'VALUE_43'      , 1           , 2           , 3           , 4           , 5           , 6           , 7           , 8   );
INSERT INTO TASK VALUES('TKI:200000000000000000000000000000000101', 'ETI:200000000000000000000000000000000101', RELATIVE_DATE(0) , RELATIVE_DATE(0) , null             , RELATIVE_DATE(0) , null    , RELATIVE_DATE(0) , RELATIVE_DATE(14)    , 'Task54',   'teamlead-2',   'Some description.', 'Some custom Note', 305     , -1             , 'CLAIMED', 'AUTOMATIC'             , 'L30000'          , 'CLI:000000000000000000000000000000000003', 'WBI:000000000000000000000000000000000006', 'TPK-VIP-1'   , 'DOMAIN_A', 'BPI21'            , 'PBPI21'                  , 'John', 'MyCompany1', 'MySystem1', 'MyInstance1', 'MyType1', 'MyValue1', true   , false         , null         , 'NONE'        , null             , 'Geschaeftsstelle C'   , 'Teilkasko'           , ''      , ''      , ''      , ''      , ''      , ''      , ''      , ''       , ''       , ''       , ''       , ''       , ''       , 'VALUE_44'      , 1           , 2           , 3           , 4           , 5           , 6           , 7           , 8   );
