-- WORKBASKET TABLE           (ID                                        , KEY       , CREATED          , MODIFIED         , NAME              , DOMAIN               , TYPE      , DESCRIPTION              , OWNER       , CUSTOM_1    , CUSTOM_2    , CUSTOM_3    , CUSTOM_4    , ORG_LEVEL_1 , ORG_LEVEL_2 , ORG_LEVEL_3 , ORG_LEVEL_4 );
INSERT INTO WORKBASKET VALUES ('WBI:000000000000000000000000000000000001', 'USER_1_1', CURRENT_TIMESTAMP, CURRENT_TIMESTAMP, 'PPK User 1 KSC 1', 'MONITOR_TEST_DOMAIN', 'PERSONAL', 'Monitor Test Postkorb 1', 'John'      , ''          , ''          , ''          , ''          , ''          , ''          , ''          , ''          );
INSERT INTO WORKBASKET VALUES ('WBI:000000000000000000000000000000000002', 'USER_1_2', CURRENT_TIMESTAMP, CURRENT_TIMESTAMP, 'PPK User 1 KSC 2', 'MONITOR_TEST_DOMAIN', 'PERSONAL', 'Monitor Test Postkorb 2', 'John'      , ''          , ''          , ''          , ''          , ''          , ''          , ''          , ''          );
INSERT INTO WORKBASKET VALUES ('WBI:000000000000000000000000000000000003', 'USER_1_3', CURRENT_TIMESTAMP, CURRENT_TIMESTAMP, 'PPK User 1 KSC 3', 'MONITOR_TEST_DOMAIN', 'PERSONAL', 'Monitor Test Postkorb 3', 'John'      , ''          , ''          , ''          , ''          , ''          , ''          , ''          , ''          );
INSERT INTO WORKBASKET VALUES ('WBI:000000000000000000000000000000000004', 'USER_1_4', CURRENT_TIMESTAMP, CURRENT_TIMESTAMP, 'PPK User 1 KSC 4', 'MONITOR_TEST_DOMAIN', 'PERSONAL', 'Monitor Test Postkorb 4', 'John'      , ''          , ''          , ''          , ''          , ''          , ''          , ''          , ''          );

-- CLASSIFICATION TABLE          (ID                                        , KEY     , PARENT_ID                                            , PARENT_KEY, CATEGORY   , TYPE  , DOMAIN    , VALID_IN_DOMAIN, CREATED          , MODIFIED           ,NAME                  , DESCRIPTION         , PRIORITY, SERVICE_LEVEL, APPLICATION_ENTRY_POINT, CUSTOM_1              , CUSTOM_2, CUSTOM_3, CUSTOM_4, CUSTOM_5, CUSTOM_6, CUSTOM_7, CUSTOM_8 );
INSERT INTO CLASSIFICATION VALUES('CLI:000000000000000000000000000000000001', 'L10000', ''                                            , ''      , 'EXTERN'   , 'TASK', 'DOMAIN_A', TRUE           , CURRENT_TIMESTAMP, CURRENT_TIMESTAMP, 'OLD-Leistungsfall'   , 'OLD-Leistungsfall' , 3       , 'P1D'        , ''                     , 'VNR,RVNR,KOLVNR'     , ''      , ''      , ''      , ''      , ''      , ''      , ''       );
INSERT INTO CLASSIFICATION VALUES('CLI:000000000000000000000000000000000002', 'L20000', 'CLI:000000000000000000000000000000000001'    , 'L10000', 'EXTERN'   , 'TASK', 'DOMAIN_A', TRUE           , CURRENT_TIMESTAMP, CURRENT_TIMESTAMP, 'Beratungsprotokoll'  , 'Beratungsprotokoll', 1       , 'P1D'        , ''                     , 'VNR,RVNR,KOLVNR, ANR', ''      , ''      , ''      , ''      , ''      , ''      , ''       );
INSERT INTO CLASSIFICATION VALUES('CLI:000000000000000000000000000000000003', 'L30000', 'CLI:000000000000000000000000000000000001'    , 'L10000', 'AUTOMATIC', 'TASK', 'DOMAIN_A', TRUE           , CURRENT_TIMESTAMP, CURRENT_TIMESTAMP, 'Widerruf'            , 'Widerruf'          , 1       , 'P1D'        , ''                     , 'VNR,RVNR,KOLVNR'     , ''      , ''      , ''      , ''      , ''      , ''      , ''       );
INSERT INTO CLASSIFICATION VALUES('CLI:000000000000000000000000000000000004', 'L40000', 'CLI:000000000000000000000000000000000001'    , 'L10000', 'MANUAL'   , 'TASK', 'DOMAIN_A', TRUE           , CURRENT_TIMESTAMP, CURRENT_TIMESTAMP, 'Dynamikaenderung'    , 'Dynamikaenderung'  , 1       , 'P1D'        , ''                     , 'VNR,RVNR,KOLVNR'     , ''      , ''      , ''      , ''      , ''      , ''      , ''       );
INSERT INTO CLASSIFICATION VALUES('CLI:000000000000000000000000000000000005', 'L50000', 'CLI:000000000000000000000000000000000001'    , 'L10000', 'EXTERN'   , 'TASK', 'DOMAIN_A', TRUE           , CURRENT_TIMESTAMP, CURRENT_TIMESTAMP, 'Dynamik-Ablehnung'   , 'Dynamik-Ablehnung' , 5       , 'P5D'        , ''                     , 'VNR,RVNR,KOLVNR'     , ''      , ''      , ''      , ''      , ''      , ''      , ''       );
INSERT INTO CLASSIFICATION VALUES('CLI:000000000000000000000000000000000006', 'L11000', ''                                            , ''      , 'Anhang'   , 'TASK', 'DOMAIN_A', TRUE           , CURRENT_TIMESTAMP, CURRENT_TIMESTAMP, 'Anhang 1'            , 'Anhang 1'          , 3       , 'P1D'        , ''                     , 'VNR,RVNR,KOLVNR'     , ''      , ''      , ''      , ''      , ''      , ''      , ''       );
INSERT INTO CLASSIFICATION VALUES('CLI:000000000000000000000000000000000007', 'L22000', ''                                            , ''      , 'Anhang'   , 'TASK', 'DOMAIN_A', TRUE           , CURRENT_TIMESTAMP, CURRENT_TIMESTAMP, 'Anhang 2'            , 'Anhang 2'          , 1       , 'P1D'        , ''                     , 'VNR,RVNR,KOLVNR, ANR', ''      , ''      , ''      , ''      , ''      , ''      , ''       );
INSERT INTO CLASSIFICATION VALUES('CLI:000000000000000000000000000000000008', 'L33000', ''                                            , ''      , 'Anhang'   , 'TASK', 'DOMAIN_A', TRUE           , CURRENT_TIMESTAMP, CURRENT_TIMESTAMP, 'Anhang 3'            , 'Anhang 3'          , 1       , 'P1D'        , ''                     , 'VNR,RVNR,KOLVNR, ANR', ''      , ''      , ''      , ''      , ''      , ''      , ''       );
INSERT INTO CLASSIFICATION VALUES('CLI:000000000000000000000000000000000009', 'L99000', ''                                            , ''      , 'Anhang'   , 'TASK', 'DOMAIN_A', TRUE           , CURRENT_TIMESTAMP, CURRENT_TIMESTAMP, 'Anhang 9'            , 'Anhang 9'          , 1       , 'P1D'        , ''                     , 'VNR,RVNR,KOLVNR, ANR', ''      , ''      , ''      , ''      , ''      , ''      , ''       );

-- ATTACHMENT TABLE          (ID                                        , TASK_ID                                   , CREATED          , MODIFIED         , CLASSIFICATION_KEY,CLASSIFICATION_ID                         , REF_COMPANY, REF_SYSTEM, REF_INSTANCE, REF_TYPE, REF_VALUE, CHANNEL, RECEIVED         , CUSTOM_ATTRIBUTES );
INSERT INTO ATTACHMENT VALUES('ATT:000000000000000000000000000000000001', 'TKI:000000000000000000000000000000000001', CURRENT_TIMESTAMP, CURRENT_TIMESTAMP, 'L11000'          ,'CLI:000000000000000000000000000000000006', ''         , ''        , ''          , ''      , ''       , ''     , CURRENT_TIMESTAMP, null              );
INSERT INTO ATTACHMENT VALUES('ATT:000000000000000000000000000000000002', 'TKI:000000000000000000000000000000000013', CURRENT_TIMESTAMP, CURRENT_TIMESTAMP, 'L11000'          ,'CLI:000000000000000000000000000000000006', ''         , ''        , ''          , ''      , ''       , ''     , CURRENT_TIMESTAMP, null              );
INSERT INTO ATTACHMENT VALUES('ATT:000000000000000000000000000000000003', 'TKI:000000000000000000000000000000000014', CURRENT_TIMESTAMP, CURRENT_TIMESTAMP, 'L22000'          ,'CLI:000000000000000000000000000000000007', ''         , ''        , ''          , ''      , ''       , ''     , CURRENT_TIMESTAMP, null              );
INSERT INTO ATTACHMENT VALUES('ATT:000000000000000000000000000000000004', 'TKI:000000000000000000000000000000000024', CURRENT_TIMESTAMP, CURRENT_TIMESTAMP, 'L22000'          ,'CLI:000000000000000000000000000000000007', ''         , ''        , ''          , ''      , ''       , ''     , CURRENT_TIMESTAMP, null              );
INSERT INTO ATTACHMENT VALUES('ATT:000000000000000000000000000000000005', 'TKI:000000000000000000000000000000000025', CURRENT_TIMESTAMP, CURRENT_TIMESTAMP, 'L33000'          ,'CLI:000000000000000000000000000000000008', ''         , ''        , ''          , ''      , ''       , ''     , CURRENT_TIMESTAMP, null              );
INSERT INTO ATTACHMENT VALUES('ATT:000000000000000000000000000000000006', 'TKI:000000000000000000000000000000000033', CURRENT_TIMESTAMP, CURRENT_TIMESTAMP, 'L11000'          ,'CLI:000000000000000000000000000000000006', ''         , ''        , ''          , ''      , ''       , ''     , CURRENT_TIMESTAMP, null              );
INSERT INTO ATTACHMENT VALUES('ATT:000000000000000000000000000000000007', 'TKI:000000000000000000000000000000000034', CURRENT_TIMESTAMP, CURRENT_TIMESTAMP, 'L22000'          ,'CLI:000000000000000000000000000000000007', ''         , ''        , ''          , ''      , ''       , ''     , CURRENT_TIMESTAMP, null              );
INSERT INTO ATTACHMENT VALUES('ATT:000000000000000000000000000000000008', 'TKI:000000000000000000000000000000000035', CURRENT_TIMESTAMP, CURRENT_TIMESTAMP, 'L22000'          ,'CLI:000000000000000000000000000000000007', ''         , ''        , ''          , ''      , ''       , ''     , CURRENT_TIMESTAMP, null              );
INSERT INTO ATTACHMENT VALUES('ATT:000000000000000000000000000000000009', 'TKI:000000000000000000000000000000000036', CURRENT_TIMESTAMP, CURRENT_TIMESTAMP, 'L33000'          ,'CLI:000000000000000000000000000000000008', ''         , ''        , ''          , ''      , ''       , ''     , CURRENT_TIMESTAMP, null              );
INSERT INTO ATTACHMENT VALUES('ATT:000000000000000000000000000000000010', 'TKI:000000000000000000000000000000000044', CURRENT_TIMESTAMP, CURRENT_TIMESTAMP, 'L33000'          ,'CLI:000000000000000000000000000000000008', ''         , ''        , ''          , ''      , ''       , ''     , CURRENT_TIMESTAMP, null              );
INSERT INTO ATTACHMENT VALUES('ATT:000000000000000000000000000000000011', 'TKI:000000000000000000000000000000000045', CURRENT_TIMESTAMP, CURRENT_TIMESTAMP, 'L99000'          ,'CLI:000000000000000000000000000000000009', ''         , ''        , ''          , ''      , ''       , ''     , CURRENT_TIMESTAMP, null              );

-- TASK TABLE                  (ID                                        , CREATED          , CLAIMED          , COMPLETED        , MODIFIED         , PLANNED          , DUE    , NAME    ,   CREATOR     , DESCRIPTION          , NOTE              , PRIORITY, STATE    , CLASSIFICATION_CATEGORY , CLASSIFICATION_KEY,  CLASSIFICATION_ID                        , WORKBASKET_ID                             , WORKBASKET_KEY, DOMAIN    , BUSINESS_PROCESS_ID, PARENT_BUSINESS_PROCESS_ID, OWNER , POR_COMPANY , POR_SYSTEM , POR_INSTANCE , POR_TYPE , POR_VALUE , IS_READ, IS_TRANSFERRED, CALLBACK_INFO, CUSTOM_ATTRIBUTES, CUSTOM_1     , CUSTOM_2             , CUSTOM_3, CUSTOM_4, CUSTOM_5, CUSTOM_6, CUSTOM_7, CUSTOM_8, CUSTOM_9 ,CUSTOM_10 ,CUSTOM_11 ,CUSTOM_12 ,CUSTOM_13 ,CUSTOM_14 ,CUSTOM_15 ,CUSTOM_16  );
INSERT INTO TASK VALUES('TKI:000000000000000000000000000000000001', CURRENT_TIMESTAMP, CURRENT_TIMESTAMP, CURRENT_TIMESTAMP, CURRENT_TIMESTAMP, CURRENT_TIMESTAMP, dueDate, 'Task01',   'teamlead_1',   'Some description.', 'Some custom Note', 1       , 'READY'  , 'EXTERN'                , 'L10000'          , 'CLI:000000000000000000000000000000000001', 'WBI:000000000000000000000000000000000001', 'USER_1_1'    , 'DOMAIN_C', 'BPI21'            , 'PBPI21'                  , 'John', 'MyCompany1', 'MySystem1', 'MyInstance1', 'MyType1', 'MyValue1', true   , false         , null         , null             , 'Geschaeftsstelle A'   , 'Vollkasko'           , null    , null    , null    , null    , null    , null    , null    , null     , null     , null     , null     , null     , null     , 'VALUE_01'      );
INSERT INTO TASK VALUES('TKI:000000000000000000000000000000000002', CURRENT_TIMESTAMP, CURRENT_TIMESTAMP, CURRENT_TIMESTAMP, CURRENT_TIMESTAMP, CURRENT_TIMESTAMP, dueDate, 'Task02',   'teamlead_1',   'Some description.', 'Some custom Note', 1       , 'READY'  , 'EXTERN'                , 'L20000'          , 'CLI:000000000000000000000000000000000002', 'WBI:000000000000000000000000000000000002', 'USER_1_2'    , 'DOMAIN_C', 'BPI21'            , 'PBPI21'                  , 'John', 'MyCompany1', 'MySystem1', 'MyInstance1', 'MyType1', 'MyValue1', true   , false         , null         , null             , 'Geschaeftsstelle B'   , 'Teilkasko'           , null    , null    , null    , null    , null    , null    , null    , null     , null     , null     , null     , null     , null     , 'VALUE_02'      );
INSERT INTO TASK VALUES('TKI:000000000000000000000000000000000003', CURRENT_TIMESTAMP, CURRENT_TIMESTAMP, null             , CURRENT_TIMESTAMP, CURRENT_TIMESTAMP, dueDate, 'Task03',   'teamlead_2',   'Some description.', 'Some custom Note', 1       , 'READY'  , 'EXTERN'                , 'L20000'          , 'CLI:000000000000000000000000000000000002', 'WBI:000000000000000000000000000000000002', 'USER_1_2'    , 'DOMAIN_B', 'BPI21'            , 'PBPI21'                  , 'John', 'MyCompany1', 'MySystem1', 'MyInstance1', 'MyType1', 'MyValue1', true   , false         , null         , null             , 'Geschaeftsstelle A'   , 'Teilkasko'           , null    , null    , null    , null    , null    , null    , null    , null     , null     , null     , null     , null     , null     , 'VALUE_03'      );
INSERT INTO TASK VALUES('TKI:000000000000000000000000000000000004', CURRENT_TIMESTAMP, CURRENT_TIMESTAMP, null             , CURRENT_TIMESTAMP, CURRENT_TIMESTAMP, dueDate, 'Task04',   'teamlead_2',   'Some description.', 'Some custom Note', 1       , 'READY'  , 'EXTERN'                , 'L10000'          , 'CLI:000000000000000000000000000000000001', 'WBI:000000000000000000000000000000000001', 'USER_1_1'    , 'DOMAIN_C', 'BPI21'            , 'PBPI21'                  , 'John', 'MyCompany1', 'MySystem1', 'MyInstance1', 'MyType1', 'MyValue1', true   , false         , null         , null             , 'Geschaeftsstelle C'   , 'Teilkasko'           , null    , null    , null    , null    , null    , null    , null    , null     , null     , null     , null     , null     , null     , 'VALUE_04'      );
INSERT INTO TASK VALUES('TKI:000000000000000000000000000000000005', CURRENT_TIMESTAMP, CURRENT_TIMESTAMP, null             , CURRENT_TIMESTAMP, CURRENT_TIMESTAMP, dueDate, 'Task05',   'teamlead_2',   'Some description.', 'Some custom Note', 1       , 'READY'  , 'EXTERN'                , 'L20000'          , 'CLI:000000000000000000000000000000000002', 'WBI:000000000000000000000000000000000003', 'USER_1_3'    , 'DOMAIN_A', 'BPI21'            , 'PBPI21'                  , 'John', 'MyCompany1', 'MySystem1', 'MyInstance1', 'MyType1', 'MyValue1', true   , false         , null         , null             , 'Geschaeftsstelle A'   , 'Teilkasko'           , null    , null    , null    , null    , null    , null    , null    , null     , null     , null     , null     , null     , null     , 'VALUE_05'      );
INSERT INTO TASK VALUES('TKI:000000000000000000000000000000000006', CURRENT_TIMESTAMP, CURRENT_TIMESTAMP, null             , CURRENT_TIMESTAMP, CURRENT_TIMESTAMP, dueDate, 'Task06',   'teamlead_1',   'Some description.', 'Some custom Note', 1       , 'READY'  , 'AUTOMATIC'             , 'L30000'          , 'CLI:000000000000000000000000000000000003', 'WBI:000000000000000000000000000000000001', 'USER_1_1'    , 'DOMAIN_B', 'BPI21'            , 'PBPI21'                  , 'John', 'MyCompany1', 'MySystem1', 'MyInstance1', 'MyType1', 'MyValue1', true   , false         , null         , null             , 'Geschaeftsstelle B'   , 'Teilkasko'           , null    , null    , null    , null    , null    , null    , null    , null     , null     , null     , null     , null     , null     , 'VALUE_06'      );
INSERT INTO TASK VALUES('TKI:000000000000000000000000000000000007', CURRENT_TIMESTAMP, CURRENT_TIMESTAMP, null             , CURRENT_TIMESTAMP, CURRENT_TIMESTAMP, dueDate, 'Task07',   'teamlead_2',   'Some description.', 'Some custom Note', 1       , 'READY'  , 'EXTERN'                , 'L10000'          , 'CLI:000000000000000000000000000000000001', 'WBI:000000000000000000000000000000000002', 'USER_1_2'    , 'DOMAIN_A', 'BPI21'            , 'PBPI21'                  , 'John', 'MyCompany1', 'MySystem1', 'MyInstance1', 'MyType1', 'MyValue1', true   , false         , null         , null             , 'Geschaeftsstelle A'   , 'Vollkasko'           , null    , null    , null    , null    , null    , null    , null    , null     , null     , null     , null     , null     , null     , 'VALUE_07'      );
INSERT INTO TASK VALUES('TKI:000000000000000000000000000000000008', CURRENT_TIMESTAMP, CURRENT_TIMESTAMP, null             , CURRENT_TIMESTAMP, CURRENT_TIMESTAMP, dueDate, 'Task08',   'teamlead_2',   'Some description.', 'Some custom Note', 1       , 'READY'  , 'MANUAL'                , 'L40000'          , 'CLI:000000000000000000000000000000000004', 'WBI:000000000000000000000000000000000002', 'USER_1_2'    , 'DOMAIN_A', 'BPI21'            , 'PBPI21'                  , 'John', 'MyCompany1', 'MySystem1', 'MyInstance1', 'MyType1', 'MyValue1', true   , false         , null         , null             , 'Geschaeftsstelle A'   , 'Vollkasko'           , null    , null    , null    , null    , null    , null    , null    , null     , null     , null     , null     , null     , null     , 'VALUE_08'      );
INSERT INTO TASK VALUES('TKI:000000000000000000000000000000000009', CURRENT_TIMESTAMP, CURRENT_TIMESTAMP, null             , CURRENT_TIMESTAMP, CURRENT_TIMESTAMP, dueDate, 'Task09',   'teamlead_1',   'Some description.', 'Some custom Note', 1       , 'READY'  , 'MANUAL'                , 'L40000'          , 'CLI:000000000000000000000000000000000004', 'WBI:000000000000000000000000000000000001', 'USER_1_1'    , 'DOMAIN_A', 'BPI21'            , 'PBPI21'                  , 'John', 'MyCompany1', 'MySystem1', 'MyInstance1', 'MyType1', 'MyValue1', true   , false         , null         , null             , 'Geschaeftsstelle B'   , 'Teilkasko'           , null    , null    , null    , null    , null    , null    , null    , null     , null     , null     , null     , null     , null     , 'VALUE_09'      );
INSERT INTO TASK VALUES('TKI:000000000000000000000000000000000010', CURRENT_TIMESTAMP, CURRENT_TIMESTAMP, null             , CURRENT_TIMESTAMP, CURRENT_TIMESTAMP, dueDate, 'Task10',   'teamlead_1',   'Some description.', 'Some custom Note', 1       , 'READY'  , 'EXTERN'                , 'L10000'          , 'CLI:000000000000000000000000000000000001', 'WBI:000000000000000000000000000000000001', 'USER_1_1'    , 'DOMAIN_A', 'BPI21'            , 'PBPI21'                  , 'John', 'MyCompany1', 'MySystem1', 'MyInstance1', 'MyType1', 'MyValue1', true   , false         , null         , null             , 'Geschaeftsstelle A'   , 'Teilkasko'           , null    , null    , null    , null    , null    , null    , null    , null     , null     , null     , null     , null     , null     , 'VALUE_10'      );
INSERT INTO TASK VALUES('TKI:000000000000000000000000000000000011', CURRENT_TIMESTAMP, CURRENT_TIMESTAMP, null             , CURRENT_TIMESTAMP, CURRENT_TIMESTAMP, dueDate, 'Task11',   'teamlead_2',   'Some description.', 'Some custom Note', 1       , 'READY'  , 'EXTERN'                , 'L50000'          , 'CLI:000000000000000000000000000000000005', 'WBI:000000000000000000000000000000000001', 'USER_1_1'    , 'DOMAIN_C', 'BPI21'            , 'PBPI21'                  , 'John', 'MyCompany1', 'MySystem1', 'MyInstance1', 'MyType1', 'MyValue1', true   , false         , null         , null             , 'Geschaeftsstelle C'   , 'Vollkasko'           , null    , null    , null    , null    , null    , null    , null    , null     , null     , null     , null     , null     , null     , 'VALUE_11'      );
INSERT INTO TASK VALUES('TKI:000000000000000000000000000000000012', CURRENT_TIMESTAMP, CURRENT_TIMESTAMP, null             , CURRENT_TIMESTAMP, CURRENT_TIMESTAMP, dueDate, 'Task12',   'teamlead_2',   'Some description.', 'Some custom Note', 1       , 'READY'  , 'EXTERN'                , 'L50000'          , 'CLI:000000000000000000000000000000000005', 'WBI:000000000000000000000000000000000003', 'USER_1_3'    , 'DOMAIN_C', 'BPI21'            , 'PBPI21'                  , 'John', 'MyCompany1', 'MySystem1', 'MyInstance1', 'MyType1', 'MyValue1', true   , false         , null         , null             , 'Geschaeftsstelle A'   , 'Teilkasko'           , null    , null    , null    , null    , null    , null    , null    , null     , null     , null     , null     , null     , null     , 'VALUE_12'      );
INSERT INTO TASK VALUES('TKI:000000000000000000000000000000000013', CURRENT_TIMESTAMP, CURRENT_TIMESTAMP, null             , CURRENT_TIMESTAMP, CURRENT_TIMESTAMP, dueDate, 'Task13',   'teamlead_1',   'Some description.', 'Some custom Note', 1       , 'READY'  , 'EXTERN'                , 'L10000'          , 'CLI:000000000000000000000000000000000001', 'WBI:000000000000000000000000000000000001', 'USER_1_1'    , 'DOMAIN_A', 'BPI21'            , 'PBPI21'                  , 'John', 'MyCompany1', 'MySystem1', 'MyInstance1', 'MyType1', 'MyValue1', true   , false         , null         , null             , 'Geschaeftsstelle B'   , 'Teilkasko'           , null    , null    , null    , null    , null    , null    , null    , null     , null     , null     , null     , null     , null     , 'VALUE_13'      );
INSERT INTO TASK VALUES('TKI:000000000000000000000000000000000014', CURRENT_TIMESTAMP, CURRENT_TIMESTAMP, null             , CURRENT_TIMESTAMP, CURRENT_TIMESTAMP, dueDate, 'Task14',   'teamlead_2',   'Some description.', 'Some custom Note', 1       , 'READY'  , 'EXTERN'                , 'L20000'          , 'CLI:000000000000000000000000000000000002', 'WBI:000000000000000000000000000000000001', 'USER_1_1'    , 'DOMAIN_A', 'BPI21'            , 'PBPI21'                  , 'John', 'MyCompany1', 'MySystem1', 'MyInstance1', 'MyType1', 'MyValue1', true   , false         , null         , null             , 'Geschaeftsstelle A'   , 'Vollkasko'           , null    , null    , null    , null    , null    , null    , null    , null     , null     , null     , null     , null     , null     , 'VALUE_14'      );
INSERT INTO TASK VALUES('TKI:000000000000000000000000000000000015', CURRENT_TIMESTAMP, CURRENT_TIMESTAMP, null             , CURRENT_TIMESTAMP, CURRENT_TIMESTAMP, dueDate, 'Task15',   'teamlead_2',   'Some description.', 'Some custom Note', 1       , 'READY'  , 'EXTERN'                , 'L20000'          , 'CLI:000000000000000000000000000000000002', 'WBI:000000000000000000000000000000000001', 'USER_1_1'    , 'DOMAIN_A', 'BPI21'            , 'PBPI21'                  , 'John', 'MyCompany1', 'MySystem1', 'MyInstance1', 'MyType1', 'MyValue1', true   , false         , null         , null             , 'Geschaeftsstelle A'   , 'Teilkasko'           , null    , null    , null    , null    , null    , null    , null    , null     , null     , null     , null     , null     , null     , 'VALUE_15'      );
INSERT INTO TASK VALUES('TKI:000000000000000000000000000000000016', CURRENT_TIMESTAMP, CURRENT_TIMESTAMP, null             , CURRENT_TIMESTAMP, CURRENT_TIMESTAMP, dueDate, 'Task16',   'teamlead_2',   'Some description.', 'Some custom Note', 1       , 'READY'  , 'EXTERN'                , 'L10000'          , 'CLI:000000000000000000000000000000000001', 'WBI:000000000000000000000000000000000001', 'USER_1_1'    , 'DOMAIN_A', 'BPI21'            , 'PBPI21'                  , 'John', 'MyCompany1', 'MySystem1', 'MyInstance1', 'MyType1', 'MyValue1', true   , false         , null         , null             , 'Geschaeftsstelle C'   , 'Teilkasko'           , null    , null    , null    , null    , null    , null    , null    , null     , null     , null     , null     , null     , null     , 'VALUE_16'      );
INSERT INTO TASK VALUES('TKI:000000000000000000000000000000000017', CURRENT_TIMESTAMP, CURRENT_TIMESTAMP, null             , CURRENT_TIMESTAMP, CURRENT_TIMESTAMP, dueDate, 'Task17',   'teamlead_2',   'Some description.', 'Some custom Note', 1       , 'READY'  , 'AUTOMATIC'             , 'L30000'          , 'CLI:000000000000000000000000000000000003', 'WBI:000000000000000000000000000000000001', 'USER_1_1'    , 'DOMAIN_A', 'BPI21'            , 'PBPI21'                  , 'John', 'MyCompany1', 'MySystem1', 'MyInstance1', 'MyType1', 'MyValue1', true   , false         , null         , null             , 'Geschaeftsstelle A'   , 'Vollkasko'           , null    , null    , null    , null    , null    , null    , null    , null     , null     , null     , null     , null     , null     , 'VALUE_17'      );
INSERT INTO TASK VALUES('TKI:000000000000000000000000000000000018', CURRENT_TIMESTAMP, CURRENT_TIMESTAMP, null             , CURRENT_TIMESTAMP, CURRENT_TIMESTAMP, dueDate, 'Task18',   'teamlead_2',   'Some description.', 'Some custom Note', 1       , 'READY'  , 'EXTERN'                , 'L50000'          , 'CLI:000000000000000000000000000000000005', 'WBI:000000000000000000000000000000000001', 'USER_1_1'    , 'DOMAIN_B', 'BPI21'            , 'PBPI21'                  , 'John', 'MyCompany1', 'MySystem1', 'MyInstance1', 'MyType1', 'MyValue1', true   , false         , null         , null             , 'Geschaeftsstelle B'   , 'Teilkasko'           , null    , null    , null    , null    , null    , null    , null    , null     , null     , null     , null     , null     , null     , 'VALUE_18'      );
INSERT INTO TASK VALUES('TKI:000000000000000000000000000000000019', CURRENT_TIMESTAMP, CURRENT_TIMESTAMP, null             , CURRENT_TIMESTAMP, CURRENT_TIMESTAMP, dueDate, 'Task19',   'teamlead_2',   'Some description.', 'Some custom Note', 1       , 'READY'  , 'EXTERN'                , 'L10000'          , 'CLI:000000000000000000000000000000000001', 'WBI:000000000000000000000000000000000001', 'USER_1_1'    , 'DOMAIN_A', 'BPI21'            , 'PBPI21'                  , 'John', 'MyCompany1', 'MySystem1', 'MyInstance1', 'MyType1', 'MyValue1', true   , false         , null         , null             , 'Geschaeftsstelle A'   , 'Vollkasko'           , null    , null    , null    , null    , null    , null    , null    , null     , null     , null     , null     , null     , null     , 'VALUE_19'      );
INSERT INTO TASK VALUES('TKI:000000000000000000000000000000000020', CURRENT_TIMESTAMP, CURRENT_TIMESTAMP, null             , CURRENT_TIMESTAMP, CURRENT_TIMESTAMP, dueDate, 'Task20',   'teamlead_2',   'Some description.', 'Some custom Note', 1       , 'READY'  , 'EXTERN'                , 'L50000'          , 'CLI:000000000000000000000000000000000005', 'WBI:000000000000000000000000000000000001', 'USER_1_1'    , 'DOMAIN_A', 'BPI21'            , 'PBPI21'                  , 'John', 'MyCompany1', 'MySystem1', 'MyInstance1', 'MyType1', 'MyValue1', true   , false         , null         , null             , 'Geschaeftsstelle A'   , 'Teilkasko'           , null    , null    , null    , null    , null    , null    , null    , null     , null     , null     , null     , null     , null     , 'VALUE_20'      );
INSERT INTO TASK VALUES('TKI:000000000000000000000000000000000021', CURRENT_TIMESTAMP, CURRENT_TIMESTAMP, null             , CURRENT_TIMESTAMP, CURRENT_TIMESTAMP, dueDate, 'Task21',   'teamlead_1',   'Some description.', 'Some custom Note', 1       , 'READY'  , 'EXTERN'                , 'L10000'          , 'CLI:000000000000000000000000000000000001', 'WBI:000000000000000000000000000000000002', 'USER_1_2'    , 'DOMAIN_A', 'BPI21'            , 'PBPI21'                  , 'John', 'MyCompany1', 'MySystem1', 'MyInstance1', 'MyType1', 'MyValue1', true   , false         , null         , null             , 'Geschaeftsstelle B'   , 'Teilkasko'           , null    , null    , null    , null    , null    , null    , null    , null     , null     , null     , null     , null     , null     , 'VALUE_21'      );
INSERT INTO TASK VALUES('TKI:000000000000000000000000000000000022', CURRENT_TIMESTAMP, CURRENT_TIMESTAMP, null             , CURRENT_TIMESTAMP, CURRENT_TIMESTAMP, dueDate, 'Task22',   'teamlead_1',   'Some description.', 'Some custom Note', 1       , 'READY'  , 'EXTERN'                , 'L20000'          , 'CLI:000000000000000000000000000000000002', 'WBI:000000000000000000000000000000000003', 'USER_1_3'    , 'DOMAIN_A', 'BPI21'            , 'PBPI21'                  , 'John', 'MyCompany1', 'MySystem1', 'MyInstance1', 'MyType1', 'MyValue1', true   , false         , null         , null             , 'Geschaeftsstelle C'   , 'Teilkasko'           , null    , null    , null    , null    , null    , null    , null    , null     , null     , null     , null     , null     , null     , 'VALUE_22'      );
INSERT INTO TASK VALUES('TKI:000000000000000000000000000000000023', CURRENT_TIMESTAMP, CURRENT_TIMESTAMP, null             , CURRENT_TIMESTAMP, CURRENT_TIMESTAMP, dueDate, 'Task23',   'teamlead_1',   'Some description.', 'Some custom Note', 1       , 'READY'  , 'EXTERN'                , 'L20000'          , 'CLI:000000000000000000000000000000000002', 'WBI:000000000000000000000000000000000002', 'USER_1_2'    , 'DOMAIN_B', 'BPI21'            , 'PBPI21'                  , 'John', 'MyCompany1', 'MySystem1', 'MyInstance1', 'MyType1', 'MyValue1', true   , false         , null         , null             , 'Geschaeftsstelle C'   , 'Vollkasko'           , null    , null    , null    , null    , null    , null    , null    , null     , null     , null     , null     , null     , null     , 'VALUE_23'      );
INSERT INTO TASK VALUES('TKI:000000000000000000000000000000000024', CURRENT_TIMESTAMP, CURRENT_TIMESTAMP, null             , CURRENT_TIMESTAMP, CURRENT_TIMESTAMP, dueDate, 'Task24',   'teamlead_1',   'Some description.', 'Some custom Note', 1       , 'READY'  , 'EXTERN'                , 'L20000'          , 'CLI:000000000000000000000000000000000002', 'WBI:000000000000000000000000000000000002', 'USER_1_2'    , 'DOMAIN_B', 'BPI21'            , 'PBPI21'                  , 'John', 'MyCompany1', 'MySystem1', 'MyInstance1', 'MyType1', 'MyValue1', true   , false         , null         , null             , 'Geschaeftsstelle A'   , 'Vollkasko'           , null    , null    , null    , null    , null    , null    , null    , null     , null     , null     , null     , null     , null     , 'VALUE_24'      );
INSERT INTO TASK VALUES('TKI:000000000000000000000000000000000025', CURRENT_TIMESTAMP, CURRENT_TIMESTAMP, null             , CURRENT_TIMESTAMP, CURRENT_TIMESTAMP, dueDate, 'Task25',   'teamlead_1',   'Some description.', 'Some custom Note', 1       , 'READY'  , 'AUTOMATIC'             , 'L30000'          , 'CLI:000000000000000000000000000000000003', 'WBI:000000000000000000000000000000000001', 'USER_1_1'    , 'DOMAIN_C', 'BPI21'            , 'PBPI21'                  , 'John', 'MyCompany1', 'MySystem1', 'MyInstance1', 'MyType1', 'MyValue1', true   , false         , null         , null             , 'Geschaeftsstelle C'   , 'Vollkasko'           , null    , null    , null    , null    , null    , null    , null    , null     , null     , null     , null     , null     , null     , 'VALUE_25'      );
INSERT INTO TASK VALUES('TKI:000000000000000000000000000000000026', CURRENT_TIMESTAMP, CURRENT_TIMESTAMP, null             , CURRENT_TIMESTAMP, CURRENT_TIMESTAMP, dueDate, 'Task26',   'teamlead_1',   'Some description.', 'Some custom Note', 1       , 'READY'  , 'EXTERN'                , 'L50000'          , 'CLI:000000000000000000000000000000000005', 'WBI:000000000000000000000000000000000001', 'USER_1_1'    , 'DOMAIN_C', 'BPI21'            , 'PBPI21'                  , 'John', 'MyCompany1', 'MySystem1', 'MyInstance1', 'MyType1', 'MyValue1', true   , false         , null         , null             , 'Geschaeftsstelle B'   , 'Vollkasko'           , null    , null    , null    , null    , null    , null    , null    , null     , null     , null     , null     , null     , null     , 'VALUE_26'      );
INSERT INTO TASK VALUES('TKI:000000000000000000000000000000000027', CURRENT_TIMESTAMP, CURRENT_TIMESTAMP, null             , CURRENT_TIMESTAMP, CURRENT_TIMESTAMP, dueDate, 'Task27',   'teamlead_2',   'Some description.', 'Some custom Note', 1       , 'READY'  , 'EXTERN'                , 'L50000'          , 'CLI:000000000000000000000000000000000005', 'WBI:000000000000000000000000000000000002', 'USER_1_2'    , 'DOMAIN_C', 'BPI21'            , 'PBPI21'                  , 'John', 'MyCompany1', 'MySystem1', 'MyInstance1', 'MyType1', 'MyValue1', true   , false         , null         , null             , 'Geschaeftsstelle A'   , 'Teilkasko'           , null    , null    , null    , null    , null    , null    , null    , null     , null     , null     , null     , null     , null     , 'VALUE_27'      );
INSERT INTO TASK VALUES('TKI:000000000000000000000000000000000028', CURRENT_TIMESTAMP, CURRENT_TIMESTAMP, null             , CURRENT_TIMESTAMP, CURRENT_TIMESTAMP, dueDate, 'Task28',   'teamlead_2',   'Some description.', 'Some custom Note', 1       , 'READY'  , 'EXTERN'                , 'L10000'          , 'CLI:000000000000000000000000000000000001', 'WBI:000000000000000000000000000000000002', 'USER_1_2'    , 'DOMAIN_A', 'BPI21'            , 'PBPI21'                  , 'John', 'MyCompany1', 'MySystem1', 'MyInstance1', 'MyType1', 'MyValue1', true   , false         , null         , null             , 'Geschaeftsstelle B'   , 'Teilkasko'           , null    , null    , null    , null    , null    , null    , null    , null     , null     , null     , null     , null     , null     , 'VALUE_28'      );
INSERT INTO TASK VALUES('TKI:000000000000000000000000000000000029', CURRENT_TIMESTAMP, CURRENT_TIMESTAMP, null             , CURRENT_TIMESTAMP, CURRENT_TIMESTAMP, dueDate, 'Task29',   'teamlead_2',   'Some description.', 'Some custom Note', 1       , 'READY'  , 'MANUAL'                , 'L40000'          , 'CLI:000000000000000000000000000000000004', 'WBI:000000000000000000000000000000000003', 'USER_1_3'    , 'DOMAIN_B', 'BPI21'            , 'PBPI21'                  , 'John', 'MyCompany1', 'MySystem1', 'MyInstance1', 'MyType1', 'MyValue1', true   , false         , null         , null             , 'Geschaeftsstelle A'   , 'Teilkasko'           , null    , null    , null    , null    , null    , null    , null    , null     , null     , null     , null     , null     , null     , 'VALUE_29'      );
INSERT INTO TASK VALUES('TKI:000000000000000000000000000000000030', CURRENT_TIMESTAMP, CURRENT_TIMESTAMP, null             , CURRENT_TIMESTAMP, CURRENT_TIMESTAMP, dueDate, 'Task30',   'teamlead_1',   'Some description.', 'Some custom Note', 1       , 'READY'  , 'MANUAL'                , 'L40000'          , 'CLI:000000000000000000000000000000000004', 'WBI:000000000000000000000000000000000002', 'USER_1_2'    , 'DOMAIN_B', 'BPI21'            , 'PBPI21'                  , 'John', 'MyCompany1', 'MySystem1', 'MyInstance1', 'MyType1', 'MyValue1', true   , false         , null         , null             , 'Geschaeftsstelle C'   , 'Vollkasko'           , null    , null    , null    , null    , null    , null    , null    , null     , null     , null     , null     , null     , null     , 'VALUE_30'      );
INSERT INTO TASK VALUES('TKI:000000000000000000000000000000000031', CURRENT_TIMESTAMP, CURRENT_TIMESTAMP, null             , CURRENT_TIMESTAMP, CURRENT_TIMESTAMP, dueDate, 'Task31',   'teamlead_1',   'Some description.', 'Some custom Note', 1       , 'READY'  , 'MANUAL'                , 'L40000'          , 'CLI:000000000000000000000000000000000004', 'WBI:000000000000000000000000000000000001', 'USER_1_1'    , 'DOMAIN_B', 'BPI21'            , 'PBPI21'                  , 'John', 'MyCompany1', 'MySystem1', 'MyInstance1', 'MyType1', 'MyValue1', true   , false         , null         , null             , 'Geschaeftsstelle A'   , 'Teilkasko'           , null    , null    , null    , null    , null    , null    , null    , null     , null     , null     , null     , null     , null     , 'VALUE_31'      );
INSERT INTO TASK VALUES('TKI:000000000000000000000000000000000032', CURRENT_TIMESTAMP, CURRENT_TIMESTAMP, null             , CURRENT_TIMESTAMP, CURRENT_TIMESTAMP, dueDate, 'Task32',   'teamlead_2',   'Some description.', 'Some custom Note', 1       , 'READY'  , 'MANUAL'                , 'L40000'          , 'CLI:000000000000000000000000000000000004', 'WBI:000000000000000000000000000000000002', 'USER_1_2'    , 'DOMAIN_B', 'BPI21'            , 'PBPI21'                  , 'John', 'MyCompany1', 'MySystem1', 'MyInstance1', 'MyType1', 'MyValue1', true   , false         , null         , null             , 'Geschaeftsstelle A'   , 'Teilkasko'           , null    , null    , null    , null    , null    , null    , null    , null     , null     , null     , null     , null     , null     , 'VALUE_32'      );
INSERT INTO TASK VALUES('TKI:000000000000000000000000000000000033', CURRENT_TIMESTAMP, CURRENT_TIMESTAMP, null             , CURRENT_TIMESTAMP, CURRENT_TIMESTAMP, dueDate, 'Task33',   'teamlead_1',   'Some description.', 'Some custom Note', 1       , 'READY'  , 'EXTERN'                , 'L10000'          , 'CLI:000000000000000000000000000000000001', 'WBI:000000000000000000000000000000000002', 'USER_1_2'    , 'DOMAIN_A', 'BPI21'            , 'PBPI21'                  , 'John', 'MyCompany1', 'MySystem1', 'MyInstance1', 'MyType1', 'MyValue1', true   , false         , null         , null             , 'Geschaeftsstelle C'   , 'Teilkasko'           , null    , null    , null    , null    , null    , null    , null    , null     , null     , null     , null     , null     , null     , 'VALUE_33'      );
INSERT INTO TASK VALUES('TKI:000000000000000000000000000000000034', CURRENT_TIMESTAMP, CURRENT_TIMESTAMP, null             , CURRENT_TIMESTAMP, CURRENT_TIMESTAMP, dueDate, 'Task34',   'teamlead_1',   'Some description.', 'Some custom Note', 1       , 'READY'  , 'EXTERN'                , 'L20000'          , 'CLI:000000000000000000000000000000000002', 'WBI:000000000000000000000000000000000002', 'USER_1_2'    , 'DOMAIN_A', 'BPI21'            , 'PBPI21'                  , 'John', 'MyCompany1', 'MySystem1', 'MyInstance1', 'MyType1', 'MyValue1', true   , false         , null         , null             , 'Geschaeftsstelle A'   , 'Vollkasko'           , null    , null    , null    , null    , null    , null    , null    , null     , null     , null     , null     , null     , null     , 'VALUE_34'      );
INSERT INTO TASK VALUES('TKI:000000000000000000000000000000000035', CURRENT_TIMESTAMP, CURRENT_TIMESTAMP, null             , CURRENT_TIMESTAMP, CURRENT_TIMESTAMP, dueDate, 'Task35',   'teamlead_2',   'Some description.', 'Some custom Note', 1       , 'READY'  , 'EXTERN'                , 'L20000'          , 'CLI:000000000000000000000000000000000002', 'WBI:000000000000000000000000000000000002', 'USER_1_2'    , 'DOMAIN_A', 'BPI21'            , 'PBPI21'                  , 'John', 'MyCompany1', 'MySystem1', 'MyInstance1', 'MyType1', 'MyValue1', true   , false         , null         , null             , 'Geschaeftsstelle A'   , 'Vollkasko'           , null    , null    , null    , null    , null    , null    , null    , null     , null     , null     , null     , null     , null     , 'VALUE_35'      );
INSERT INTO TASK VALUES('TKI:000000000000000000000000000000000036', CURRENT_TIMESTAMP, CURRENT_TIMESTAMP, null             , CURRENT_TIMESTAMP, CURRENT_TIMESTAMP, dueDate, 'Task36',   'teamlead_1',   'Some description.', 'Some custom Note', 1       , 'READY'  , 'AUTOMATIC'             , 'L30000'          , 'CLI:000000000000000000000000000000000003', 'WBI:000000000000000000000000000000000001', 'USER_1_1'    , 'DOMAIN_A', 'BPI21'            , 'PBPI21'                  , 'John', 'MyCompany1', 'MySystem1', 'MyInstance1', 'MyType1', 'MyValue1', true   , false         , null         , null             , 'Geschaeftsstelle A'   , 'Vollkasko'           , null    , null    , null    , null    , null    , null    , null    , null     , null     , null     , null     , null     , null     , 'VALUE_36'      );
INSERT INTO TASK VALUES('TKI:000000000000000000000000000000000037', CURRENT_TIMESTAMP, CURRENT_TIMESTAMP, null             , CURRENT_TIMESTAMP, CURRENT_TIMESTAMP, dueDate, 'Task37',   'teamlead_1',   'Some description.', 'Some custom Note', 1       , 'READY'  , 'EXTERN'                , 'L50000'          , 'CLI:000000000000000000000000000000000005', 'WBI:000000000000000000000000000000000002', 'USER_1_2'    , 'DOMAIN_C', 'BPI21'            , 'PBPI21'                  , 'John', 'MyCompany1', 'MySystem1', 'MyInstance1', 'MyType1', 'MyValue1', true   , false         , null         , null             , 'Geschaeftsstelle C'   , 'Vollkasko'           , null    , null    , null    , null    , null    , null    , null    , null     , null     , null     , null     , null     , null     , 'VALUE_37'      );
INSERT INTO TASK VALUES('TKI:000000000000000000000000000000000038', CURRENT_TIMESTAMP, CURRENT_TIMESTAMP, null             , CURRENT_TIMESTAMP, CURRENT_TIMESTAMP, dueDate, 'Task38',   'teamlead_2',   'Some description.', 'Some custom Note', 1       , 'READY'  , 'EXTERN'                , 'L50000'          , 'CLI:000000000000000000000000000000000005', 'WBI:000000000000000000000000000000000002', 'USER_1_2'    , 'DOMAIN_A', 'BPI21'            , 'PBPI21'                  , 'John', 'MyCompany1', 'MySystem1', 'MyInstance1', 'MyType1', 'MyValue1', true   , false         , null         , null             , 'Geschaeftsstelle A'   , 'Vollkasko'           , null    , null    , null    , null    , null    , null    , null    , null     , null     , null     , null     , null     , null     , 'VALUE_38'      );
INSERT INTO TASK VALUES('TKI:000000000000000000000000000000000039', CURRENT_TIMESTAMP, CURRENT_TIMESTAMP, null             , CURRENT_TIMESTAMP, CURRENT_TIMESTAMP, dueDate, 'Task39',   'teamlead_2',   'Some description.', 'Some custom Note', 1       , 'READY'  , 'EXTERN'                , 'L50000'          , 'CLI:000000000000000000000000000000000005', 'WBI:000000000000000000000000000000000002', 'USER_1_2'    , 'DOMAIN_A', 'BPI21'            , 'PBPI21'                  , 'John', 'MyCompany1', 'MySystem1', 'MyInstance1', 'MyType1', 'MyValue1', true   , false         , null         , null             , 'Geschaeftsstelle A'   , 'Teilkasko'           , null    , null    , null    , null    , null    , null    , null    , null     , null     , null     , null     , null     , null     , 'VALUE_39'      );
INSERT INTO TASK VALUES('TKI:000000000000000000000000000000000040', CURRENT_TIMESTAMP, CURRENT_TIMESTAMP, null             , CURRENT_TIMESTAMP, CURRENT_TIMESTAMP, dueDate, 'Task40',   'teamlead_1',   'Some description.', 'Some custom Note', 1       , 'READY'  , 'EXTERN'                , 'L50000'          , 'CLI:000000000000000000000000000000000005', 'WBI:000000000000000000000000000000000002', 'USER_1_2'    , 'DOMAIN_A', 'BPI21'            , 'PBPI21'                  , 'John', 'MyCompany1', 'MySystem1', 'MyInstance1', 'MyType1', 'MyValue1', true   , false         , null         , null             , 'Geschaeftsstelle B'   , 'Teilkasko'           , null    , null    , null    , null    , null    , null    , null    , null     , null     , null     , null     , null     , null     , 'VALUE_40'      );
INSERT INTO TASK VALUES('TKI:000000000000000000000000000000000041', CURRENT_TIMESTAMP, CURRENT_TIMESTAMP, null             , CURRENT_TIMESTAMP, CURRENT_TIMESTAMP, dueDate, 'Task41',   'teamlead_1',   'Some description.', 'Some custom Note', 1       , 'READY'  , 'EXTERN'                , 'L50000'          , 'CLI:000000000000000000000000000000000005', 'WBI:000000000000000000000000000000000002', 'USER_1_2'    , 'DOMAIN_C', 'BPI21'            , 'PBPI21'                  , 'John', 'MyCompany1', 'MySystem1', 'MyInstance1', 'MyType1', 'MyValue1', true   , false         , null         , null             , 'Geschaeftsstelle B'   , 'Teilkasko'           , null    , null    , null    , null    , null    , null    , null    , null     , null     , null     , null     , null     , null     , 'VALUE_41'      );
INSERT INTO TASK VALUES('TKI:000000000000000000000000000000000042', CURRENT_TIMESTAMP, CURRENT_TIMESTAMP, null             , CURRENT_TIMESTAMP, CURRENT_TIMESTAMP, dueDate, 'Task42',   'teamlead_1',   'Some description.', 'Some custom Note', 1       , 'CLAIMED', 'EXTERN'                , 'L50000'          , 'CLI:000000000000000000000000000000000005', 'WBI:000000000000000000000000000000000003', 'USER_1_3'    , 'DOMAIN_C', 'BPI21'            , 'PBPI21'                  , 'John', 'MyCompany1', 'MySystem1', 'MyInstance1', 'MyType1', 'MyValue1', true   , false         , null         , null             , 'Geschaeftsstelle C'   , 'Teilkasko'           , null    , null    , null    , null    , null    , null    , null    , null     , null     , null     , null     , null     , null     , 'VALUE_42'      );
INSERT INTO TASK VALUES('TKI:000000000000000000000000000000000043', CURRENT_TIMESTAMP, CURRENT_TIMESTAMP, null             , CURRENT_TIMESTAMP, CURRENT_TIMESTAMP, dueDate, 'Task43',   'teamlead_2',   'Some description.', 'Some custom Note', 1       , 'CLAIMED', 'EXTERN'                , 'L50000'          , 'CLI:000000000000000000000000000000000005', 'WBI:000000000000000000000000000000000003', 'USER_1_3'    , 'DOMAIN_B', 'BPI21'            , 'PBPI21'                  , 'John', 'MyCompany1', 'MySystem1', 'MyInstance1', 'MyType1', 'MyValue1', true   , false         , null         , null             , 'Geschaeftsstelle C'   , 'Vollkasko'           , null    , null    , null    , null    , null    , null    , null    , null     , null     , null     , null     , null     , null     , 'VALUE_43'      );
INSERT INTO TASK VALUES('TKI:000000000000000000000000000000000044', CURRENT_TIMESTAMP, CURRENT_TIMESTAMP, null             , CURRENT_TIMESTAMP, CURRENT_TIMESTAMP, dueDate, 'Task44',   'teamlead_2',   'Some description.', 'Some custom Note', 1       , 'CLAIMED', 'AUTOMATIC'             , 'L30000'          , 'CLI:000000000000000000000000000000000003', 'WBI:000000000000000000000000000000000001', 'USER_1_1'    , 'DOMAIN_A', 'BPI21'            , 'PBPI21'                  , 'John', 'MyCompany1', 'MySystem1', 'MyInstance1', 'MyType1', 'MyValue1', true   , false         , null         , null             , 'Geschaeftsstelle C'   , 'Teilkasko'           , null    , null    , null    , null    , null    , null    , null    , null     , null     , null     , null     , null     , null     , 'VALUE_44'      );
INSERT INTO TASK VALUES('TKI:000000000000000000000000000000000045', CURRENT_TIMESTAMP, CURRENT_TIMESTAMP, null             , CURRENT_TIMESTAMP, CURRENT_TIMESTAMP, dueDate, 'Task45',   'teamlead_2',   'Some description.', 'Some custom Note', 1       , 'CLAIMED', 'AUTOMATIC'             , 'L30000'          , 'CLI:000000000000000000000000000000000003', 'WBI:000000000000000000000000000000000003', 'USER_1_3'    , 'DOMAIN_B', 'BPI21'            , 'PBPI21'                  , 'John', 'MyCompany1', 'MySystem1', 'MyInstance1', 'MyType1', 'MyValue1', true   , false         , null         , null             , 'Geschaeftsstelle C'   , 'Teilkasko'           , null    , null    , null    , null    , null    , null    , null    , null     , null     , null     , null     , null     , null     , 'VALUE_45'      );
INSERT INTO TASK VALUES('TKI:000000000000000000000000000000000046', CURRENT_TIMESTAMP, CURRENT_TIMESTAMP, null             , CURRENT_TIMESTAMP, CURRENT_TIMESTAMP, dueDate, 'Task46',   'teamlead_1',   'Some description.', 'Some custom Note', 1       , 'CLAIMED', 'AUTOMATIC'             , 'L30000'          , 'CLI:000000000000000000000000000000000003', 'WBI:000000000000000000000000000000000003', 'USER_1_3'    , 'DOMAIN_B', 'BPI21'            , 'PBPI21'                  , 'John', 'MyCompany1', 'MySystem1', 'MyInstance1', 'MyType1', 'MyValue1', true   , false         , null         , null             , 'Geschaeftsstelle A'   , 'Teilkasko'           , null    , null    , null    , null    , null    , null    , null    , null     , null     , null     , null     , null     , null     , 'VALUE_46'      );
INSERT INTO TASK VALUES('TKI:000000000000000000000000000000000047', CURRENT_TIMESTAMP, CURRENT_TIMESTAMP, null             , CURRENT_TIMESTAMP, CURRENT_TIMESTAMP, dueDate, 'Task47',   'teamlead_1',   'Some description.', 'Some custom Note', 1       , 'CLAIMED', 'MANUAL'                , 'L40000'          , 'CLI:000000000000000000000000000000000004', 'WBI:000000000000000000000000000000000003', 'USER_1_3'    , 'DOMAIN_A', 'BPI21'            , 'PBPI21'                  , 'John', 'MyCompany1', 'MySystem1', 'MyInstance1', 'MyType1', 'MyValue1', true   , false         , null         , null             , 'Geschaeftsstelle C'   , 'Vollkasko'           , null    , null    , null    , null    , null    , null    , null    , null     , null     , null     , null     , null     , null     , 'VALUE_47'      );
INSERT INTO TASK VALUES('TKI:000000000000000000000000000000000048', CURRENT_TIMESTAMP, CURRENT_TIMESTAMP, null             , CURRENT_TIMESTAMP, CURRENT_TIMESTAMP, dueDate, 'Task48',   'teamlead_2',   'Some description.', 'Some custom Note', 1       , 'CLAIMED', 'MANUAL'                , 'L40000'          , 'CLI:000000000000000000000000000000000004', 'WBI:000000000000000000000000000000000001', 'USER_1_1'    , 'DOMAIN_A', 'BPI21'            , 'PBPI21'                  , 'John', 'MyCompany1', 'MySystem1', 'MyInstance1', 'MyType1', 'MyValue1', true   , false         , null         , null             , 'Geschaeftsstelle A'   , 'Vollkasko'           , null    , null    , null    , null    , null    , null    , null    , null     , null     , null     , null     , null     , null     , 'VALUE_48'      );
INSERT INTO TASK VALUES('TKI:000000000000000000000000000000000049', CURRENT_TIMESTAMP, CURRENT_TIMESTAMP, null             , CURRENT_TIMESTAMP, CURRENT_TIMESTAMP, dueDate, 'Task49',   'teamlead_2',   'Some description.', 'Some custom Note', 1       , 'CLAIMED', 'MANUAL'                , 'L40000'          , 'CLI:000000000000000000000000000000000004', 'WBI:000000000000000000000000000000000003', 'USER_1_3'    , 'DOMAIN_A', 'BPI21'            , 'PBPI21'                  , 'John', 'MyCompany1', 'MySystem1', 'MyInstance1', 'MyType1', 'MyValue1', true   , false         , null         , null             , 'Geschaeftsstelle C'   , 'Vollkasko'           , null    , null    , null    , null    , null    , null    , null    , null     , null     , null     , null     , null     , null     , 'VALUE_49'      );
INSERT INTO TASK VALUES('TKI:000000000000000000000000000000000050', CURRENT_TIMESTAMP, CURRENT_TIMESTAMP, null             , CURRENT_TIMESTAMP, CURRENT_TIMESTAMP, dueDate, 'Task50',   'teamlead_2',   'Some description.', 'Some custom Note', 1       , 'CLAIMED', 'MANUAL'                , 'L40000'          , 'CLI:000000000000000000000000000000000004', 'WBI:000000000000000000000000000000000002', 'USER_1_2'    , 'DOMAIN_C', 'BPI21'            , 'PBPI21'                  , 'John', 'MyCompany1', 'MySystem1', 'MyInstance1', 'MyType1', 'MyValue1', true   , false         , null         , null             , 'Geschaeftsstelle A'   , 'Teilkasko'           , null    , null    , null    , null    , null    , null    , null    , null     , null     , null     , null     , null     , null     , 'VALUE_50'      );
