<application>
  <component name="EqualsHashCodeTemplates">
    <option name="defaultTempalteName" value="Taskana equals" />
    <option name="templates">
      <list>
        <TemplateResource>
          <option name="fileName" value="Taskana equals" />
          <option name="template" value="#set($classInstanceName = &quot;other&quot;)&#10;#set($paramName = &quot;obj&quot;)&#10;#set($superParamName = $helper.getUniqueLocalVarName($superParamName, $fields, $settings))&#10;#macro(addClassInstance)&#10;    #if ($settings.generateFinalLocals)&#10;    final ##&#10;    #end&#10;    #set($wildcards = &quot;#generateWildcards()&quot;)&#10;    $classname$wildcards $classInstanceName = ($classname$wildcards)$paramName;&#10;#end&#10;##&#10;#macro(generateWildcards)&#10;    #if ($class.typeParams &gt; 0)&#10;    &lt;##&#10;        #set( $arr = [1..$class.typeParams] )&#10;        #foreach( $i in $arr )&#10;            #if ($i &gt; 1)&#10;            , ##&#10;            #end&#10;        ?##&#10;        #end&#10;    &gt;##&#10;    #end&#10;#end&#10;##&#10;#macro(addEqualsPrologue)&#10;if(this == $paramName) return true;&#10;    #addInstanceOfToText()&#10;    #if ($superHasEquals)&#10;    if(!super.equals($paramName)) return false;&#10;    #end&#10;#end&#10;##&#10;#macro(addInstanceOfToText)&#10;    #if ($checkParameterWithInstanceof)&#10;    if(!($paramName instanceof $classname)) return false;&#10;    #else&#10;    if($paramName == null) return false;&#10;    if(getClass() != ${paramName}.getClass()) return false;&#10;    #end&#10;#end&#10;#macro(addPrimitiveFieldComparisonCondition $field)&#10;    $field.accessor != ${classInstanceName}.$field.accessor ##&#10;#end&#10;#macro(addDoubleFieldComparisonCondition $field)&#10;    #if ($field.double)&#10;    java.lang.Double.compare(${classInstanceName}.$field.accessor, $field.accessor) != 0 ##&#10;    #else&#10;    java.lang.Float.compare(${classInstanceName}.$field.accessor, $field.accessor) != 0 ##&#10;    #end&#10;#end&#10;#macro(addPrimitiveFieldComparisonConditionDirect $field)&#10;    $field.accessor == ${classInstanceName}.$field.accessor ##&#10;#end&#10;#macro(addDoubleFieldComparisonConditionDirect $field)&#10;    #if ($field.double)&#10;    java.lang.Double.compare(${classInstanceName}.$field.accessor, $field.accessor) == 0 ##&#10;    #else&#10;    java.lang.Float.compare(${classInstanceName}.$field.accessor, $field.accessor) == 0 ##&#10;    #end&#10;#end&#10;public boolean equals(##&#10;#if ($settings.generateFinalParameters)&#10;final ##&#10;#end&#10;Object $paramName){&#10;#addEqualsPrologue()&#10;#addClassInstance()&#10;return ##&#10;#set($i = 0)&#10;#set($end = &quot;&quot;)&#10;#foreach($field in $fields)&#10;    #if ($i &gt; 0)&#10;    &amp;&amp; ##&#10;    #end&#10;    #set($i = $i + 1)&#10;    #if ($i == $fields.size())&#10;        #set($end = &quot;;&quot;)&#10;    #end&#10;    #if ($field.primitive)&#10;        #if ($field.double || $field.float)&#10;            #addDoubleFieldComparisonConditionDirect($field)$end&#10;        #else&#10;            #addPrimitiveFieldComparisonConditionDirect($field)$end&#10;        #end&#10;    #elseif ($field.enum)&#10;        #addPrimitiveFieldComparisonConditionDirect($field)$end&#10;    #elseif ($field.array)&#10;    java.util.Arrays.equals($field.accessor, ${classInstanceName}.$field.accessor)$end&#10;    #elseif ($field.notNull)&#10;        ${field.accessor}.equals(${classInstanceName}.$field.accessor)$end&#10;    #else&#10;    java.util.Objects.equals($field.accessor, ${classInstanceName}.$field.accessor)$end&#10;    #end&#10;#end&#10;}" />
        </TemplateResource>
        <TemplateResource>
          <option name="fileName" value="Taskana hashCode" />
          <option name="template" value="public int hashCode() {&#10;#if (!$superHasHashCode &amp;&amp; $fields.size()==1 &amp;&amp; $fields[0].array)&#10;  return java.util.Arrays.hashCode($fields[0].accessor);&#10;#else&#10;  #set($hasArrays = false)&#10;  #set($hasNoArrays = false)&#10;  #foreach($field in $fields)&#10;    #if ($field.array)&#10;      #set($hasArrays = true)&#10;    #else&#10;      #set($hasNoArrays = true)&#10;    #end&#10;  #end&#10;  #if (!$hasArrays)&#10;    return java.util.Objects.hash(##&#10;      #set($i = 0)&#10;      #if($superHasHashCode)&#10;       super.hashCode() ##&#10;       #set($i = 1)&#10;      #end&#10;      #foreach($field in $fields)&#10;        #if ($i &gt; 0)&#10;        , ##&#10;        #end&#10;        $field.accessor ##&#10;        #set($i = $i + 1)&#10;      #end&#10;    );&#10;  #else&#10;    #set($resultName = $helper.getUniqueLocalVarName(&quot;result&quot;, $fields, $settings))&#10;    #set($resultAssigned = false)&#10;    #set($resultDeclarationCompleted = false)&#10;    int $resultName ##&#10;    #if($hasNoArrays)&#10;      = java.util.Objects.hash(##&#10;        #set($i = 0)&#10;        #if($superHasHashCode)&#10;         super.hashCode() ##&#10;         #set($i = 1)&#10;        #end&#10;        #foreach($field in $fields)&#10;          #if(!$field.array)&#10;            #if ($i &gt; 0)&#10;            , ##&#10;            #end&#10;            $field.accessor ##&#10;            #set($i = $i + 1)&#10;          #end&#10;        #end&#10;      );&#10;      #set($resultAssigned = true)&#10;      #set($resultDeclarationCompleted = true)&#10;    #elseif($superHasHashCode)&#10;       = super.hashCode(); ##&#10;      #set($resultAssigned = true)&#10;      #set($resultDeclarationCompleted = true)&#10;    #end&#10;    #foreach($field in $fields)&#10;      #if($field.array)&#10;        #if ($resultDeclarationCompleted)&#10;          $resultName ##&#10;        #end&#10;        = ##&#10;        #if ($resultAssigned)&#10;          31 * $resultName + ##&#10;        #end&#10;        java.util.Arrays.hashCode($field.accessor);&#10;        #set($resultAssigned = true)&#10;        #set($resultDeclarationCompleted = true)&#10;      #end&#10;    #end  &#10;  return $resultName;&#10;  #end&#10;#end&#10;}" />
        </TemplateResource>
      </list>
    </option>
  </component>
</application>