<application>
  <component name="ToStringTemplates">
    <option name="defaultTempalteName" value="Taskana" />
    <option name="templates">
      <list>
        <TemplateResource>
          <option name="fileName" value="Taskana" />
          <option name="template" value="public java.lang.String toString() {&#10;#if ( $members.size() &gt; 0 )&#10;#set ( $i = 0 )&#10;return &quot;$classname [$members.get(0).name=&quot;&#10;#foreach( $member in $members )&#10;#if ( $i != 0 )&#10;+ &quot;, $member.name=&quot;&#10;#end&#10;#if ( $member.objectArray || $member.primitiveArray )&#10;+ java.util.Arrays.toString($member.accessor)&#10;#else&#10;+ $member.accessor&#10;#end&#10;#set ( $i = $i + 1 )&#10;#end&#10;+ &quot;]&quot;;&#10;#else&#10;return &quot;$classname{}&quot;;&#10;#end&#10;}" />
        </TemplateResource>
      </list>
    </option>
  </component>
</application>